dataset_idx,dataset_name,traj_idx,traj_name,frame_idx,clean_rms,adv_rms,adv_delta_rms,adv_ratio_rms,adv_delta_ratio_rms
0,0,0,00000_seed_00001,0,0.0,0.0,0.0,0,0.0
0,0,0,00000_seed_00001,1,0.1486208438873291,0.053124286234378815,-0.09549655765295029,0.35744842274380334,0.053124286234378815
0,0,0,00000_seed_00001,2,0.18555894494056702,0.11941206455230713,-0.06614688038825989,0.6435263176914151,0.11941206455230713
0,0,0,00000_seed_00001,3,0.17333769798278809,0.212307870388031,0.03897017240524292,1.22482225654752,0.212307870388031
0,0,0,00000_seed_00001,4,0.2486564815044403,0.19996966421604156,-0.04868681728839874,0.8042004897928657,0.19996966421604156
0,0,0,00000_seed_00001,5,0.23890773952007294,0.24893048405647278,0.010022744536399841,1.0419523643584503,0.24893048405647278
0,0,0,00000_seed_00001,6,0.3901759684085846,0.2586231231689453,-0.13155284523963928,0.6628371404415155,0.2586231231689453
0,0,0,00000_seed_00001,7,0.4108866751194,0.27143383026123047,-0.13945284485816956,0.6606050930767083,0.27143383026123047
0,0,1,00001_seed_00001,0,0.0,0.0,0.0,0,0.0
0,0,1,00001_seed_00001,1,0.22953025996685028,0.2166212797164917,-0.012908980250358582,0.9437591354960215,0.2166212797164917
0,0,1,00001_seed_00001,2,0.220489040017128,0.24774129688739777,0.027252256870269775,1.1235991451917644,0.24774129688739777
0,0,1,00001_seed_00001,3,0.2668045163154602,0.3181305229663849,0.05132600665092468,1.1923730803351118,0.3181305229663849
0,0,1,00001_seed_00001,4,0.2919779121875763,0.357606440782547,0.0656285285949707,1.2247722374040704,0.357606440782547
0,0,1,00001_seed_00001,5,0.2518033981323242,0.3064948618412018,0.054691463708877563,1.2171990692521826,0.3064948618412018
0,0,1,00001_seed_00001,6,0.27358871698379517,0.335476815700531,0.06188809871673584,1.226208519850625,0.335476815700531
0,0,1,00001_seed_00001,7,0.2873869240283966,0.2969087064266205,0.009521782398223877,1.033132274303764,0.2969087064266205
0,0,2,00002_seed_00001,0,0.0,0.0,0.0,0,0.0
0,0,2,00002_seed_00001,1,0.053255148231983185,0.07987008988857269,0.026614941656589508,1.4997627936486617,0.07987008988857269
0,0,2,00002_seed_00001,2,0.0923028364777565,0.08277205377817154,-0.009530782699584961,0.8967444223463087,0.08277205377817154
0,0,2,00002_seed_00001,3,0.10666617751121521,0.1217942163348198,0.015128038823604584,1.1418260143616188,0.1217942163348198
0,0,2,00002_seed_00001,4,0.1733071655035019,0.12757115066051483,-0.04573601484298706,0.7360985351637818,0.12757115066051483
0,0,2,00002_seed_00001,5,0.21534518897533417,0.3395673632621765,0.12422217428684235,1.5768514025222586,0.3395673632621765
0,0,2,00002_seed_00001,6,0.30499276518821716,0.3276483416557312,0.022655576467514038,1.074282340610712,0.3276483416557312
0,0,2,00002_seed_00001,7,0.3565327227115631,0.3237670660018921,-0.03276565670967102,0.9080991599860004,0.3237670660018921
0,0,3,00003_seed_00001,0,0.0,0.0,0.0,0,0.0
0,0,3,00003_seed_00001,1,0.06742160022258759,0.08306531608104706,0.015643715858459473,1.2320282492081598,0.08306531608104706
0,0,3,00003_seed_00001,2,0.04401435703039169,0.05824805796146393,0.014233700931072235,1.3233876828245823,0.05824805796146393
0,0,3,00003_seed_00001,3,0.059521500021219254,0.06721426546573639,0.007692765444517136,1.1292434740686086,0.06721426546573639
0,0,3,00003_seed_00001,4,0.08702360093593597,0.1170395016670227,0.03001590073108673,1.3449167858864344,0.1170395016670227
0,0,3,00003_seed_00001,5,0.1966450810432434,0.19962912797927856,0.0029840469360351562,1.0151747855588564,0.19962912797927856
0,0,3,00003_seed_00001,6,0.2714141607284546,0.3029816746711731,0.031567513942718506,1.116307542163584,0.3029816746711731
0,0,3,00003_seed_00001,7,0.31366753578186035,0.32424771785736084,0.010580182075500488,1.0337305614019885,0.32424771785736084
0,0,4,00004_seed_00001,0,0.0,0.0,0.0,0,0.0
0,0,4,00004_seed_00001,1,0.18394528329372406,0.1821402907371521,-0.0018049925565719604,0.990187339820561,0.1821402907371521
0,0,4,00004_seed_00001,2,0.16190063953399658,0.12333153933286667,-0.03856910020112991,0.7617730213287328,0.12333153933286667
0,0,4,00004_seed_00001,3,0.3050757348537445,0.2274160534143448,-0.07765968143939972,0.7454413033647848,0.2274160534143448
0,0,4,00004_seed_00001,4,0.33068937063217163,0.2617168426513672,-0.06897252798080444,0.7914280466621858,0.2617168426513672
0,0,4,00004_seed_00001,5,0.37187451124191284,0.25414013862609863,-0.11773437261581421,0.6834029516499308,0.25414013862609863
0,0,4,00004_seed_00001,6,0.43126800656318665,0.32344967126846313,-0.10781833529472351,0.7499969075982763,0.32344967126846313
0,0,4,00004_seed_00001,7,0.46601802110671997,0.37927186489105225,-0.08674615621566772,0.813856648698565,0.37927186489105225
0,0,5,00005_seed_00001,0,0.0,0.0,0.0,0,0.0
0,0,5,00005_seed_00001,1,0.09174707531929016,0.21234770119190216,0.120600625872612,2.3144901399080924,0.21234770119190216
0,0,5,00005_seed_00001,2,0.2308427393436432,0.3356454372406006,0.1048026978969574,1.4540004082213878,0.3356454372406006
0,0,5,00005_seed_00001,3,0.23142123222351074,0.33881521224975586,0.10739398002624512,1.4640627784857791,0.33881521224975586
0,0,5,00005_seed_00001,4,0.34334230422973633,0.5033406615257263,0.15999835729599,1.466002456804543,0.5033406615257263
0,0,5,00005_seed_00001,5,0.38539910316467285,0.5414963364601135,0.15609723329544067,1.4050274949102401,0.5414963364601135
0,0,5,00005_seed_00001,6,0.4905537962913513,0.5722173452377319,0.08166354894638062,1.166472157720045,0.5722173452377319
0,0,5,00005_seed_00001,7,0.6568804979324341,0.6763536334037781,0.019473135471343994,1.029644867723485,0.6763536334037781
0,0,6,00006_seed_00001,0,0.0,0.0,0.0,0,0.0
0,0,6,00006_seed_00001,1,0.054058875888586044,0.05438949912786484,0.00033062323927879333,1.006115984356763,0.05438949912786484
0,0,6,00006_seed_00001,2,0.0794471725821495,0.07441183924674988,-0.005035333335399628,0.9366203582614218,0.07441183924674988
0,0,6,00006_seed_00001,3,0.12451876699924469,0.08761311322450638,-0.03690565377473831,0.7036137229421636,0.08761311322450638
0,0,6,00006_seed_00001,4,0.13291329145431519,0.13539870083332062,0.002485409379005432,1.0186994795765758,0.13539870083332062
0,0,6,00006_seed_00001,5,0.2707180380821228,0.22047710418701172,-0.050240933895111084,0.8144160091767864,0.22047710418701172
0,0,6,00006_seed_00001,6,0.2872321903705597,0.26896968483924866,-0.018262505531311035,0.9364190151955096,0.26896968483924866
0,0,6,00006_seed_00001,7,0.30170321464538574,0.26662367582321167,-0.03507953882217407,0.8837283226716505,0.26662367582321167
0,0,7,00007_seed_00001,0,0.0,0.0,0.0,0,0.0
0,0,7,00007_seed_00001,1,0.020409587770700455,0.036246370524168015,0.01583678275346756,1.7759481931429546,0.036246370524168015
0,0,7,00007_seed_00001,2,0.05079834535717964,0.04667574167251587,-0.004122603684663773,0.9188437407620975,0.04667574167251587
0,0,7,00007_seed_00001,3,0.11006491631269455,0.15505553781986237,0.044990621507167816,1.4087644184396544,0.15505553781986237
0,0,7,00007_seed_00001,4,0.1789310872554779,0.2204824686050415,0.0415513813495636,1.232220023847709,0.2204824686050415
0,0,7,00007_seed_00001,5,0.16368164122104645,0.23424623906612396,0.07056459784507751,1.4311088117071262,0.23424623906612396
0,0,7,00007_seed_00001,6,0.16400650143623352,0.4081057012081146,0.2440991997718811,2.4883507521608097,0.4081057012081146
0,0,7,00007_seed_00001,7,0.23063993453979492,0.4777480363845825,0.2471081018447876,2.071402063731297,0.4777480363845825
0,0,8,00008_seed_00001,0,0.0,0.0,0.0,0,0.0
0,0,8,00008_seed_00001,1,0.08164306730031967,0.1072312593460083,0.02558819204568863,1.313415368773001,0.1072312593460083
0,0,8,00008_seed_00001,2,0.24536556005477905,0.2772364616394043,0.031870901584625244,1.1298915038341564,0.2772364616394043
0,0,8,00008_seed_00001,3,0.2522100806236267,0.26018935441970825,0.007979273796081543,1.0316374102746075,0.26018935441970825
0,0,8,00008_seed_00001,4,0.23335003852844238,0.2835528552532196,0.05020281672477722,1.215139526187214,0.2835528552532196
0,0,8,00008_seed_00001,5,0.4307968020439148,0.41872477531433105,-0.01207202672958374,0.9719774458113244,0.41872477531433105
0,0,8,00008_seed_00001,6,0.6437642574310303,0.6553524732589722,0.011588215827941895,1.018000713295555,0.6553524732589722
0,0,8,00008_seed_00001,7,0.812534511089325,0.7464960217475891,-0.06603848934173584,0.9187253114292939,0.7464960217475891
0,0,9,00009_seed_00001,0,0.0,0.0,0.0,0,0.0
0,0,9,00009_seed_00001,1,0.13440947234630585,0.13836431503295898,0.003954842686653137,1.0294238390912174,0.13836431503295898
0,0,9,00009_seed_00001,2,0.16999350488185883,0.22140811383724213,0.0514146089553833,1.3024504318039396,0.22140811383724213
0,0,9,00009_seed_00001,3,0.2778436541557312,0.27296122908592224,-0.00488242506980896,0.982427437169134,0.27296122908592224
0,0,9,00009_seed_00001,4,0.3733169436454773,0.3231990337371826,-0.05011790990829468,0.8657497047444772,0.3231990337371826
0,0,9,00009_seed_00001,5,0.5401976704597473,0.4238961935043335,-0.11630147695541382,0.7847057043832995,0.4238961935043335
0,0,9,00009_seed_00001,6,0.6617851853370667,0.6157587766647339,-0.046026408672332764,0.9304511347607606,0.6157587766647339
0,0,9,00009_seed_00001,7,0.8084906935691833,0.6202645301818848,-0.18822616338729858,0.7671882126974763,0.6202645301818848
1,1,10,00010_seed_00001,0,0.0,0.0,0.0,0,0.0
1,1,10,00010_seed_00001,1,0.07935934513807297,0.1256168633699417,0.046257518231868744,1.5828868440306283,0.1256168633699417
1,1,10,00010_seed_00001,2,0.12973925471305847,0.20685608685016632,0.07711683213710785,1.594398605939779,0.20685608685016632
1,1,10,00010_seed_00001,3,0.48482561111450195,0.5457570552825928,0.06093144416809082,1.1256770326716519,0.5457570552825928
1,1,10,00010_seed_00001,4,0.7482107877731323,0.8400622010231018,0.09185141324996948,1.1227614126272396,0.8400622010231018
1,1,10,00010_seed_00001,5,0.7377845048904419,0.8298056125640869,0.09202110767364502,1.1247262677159502,0.8298056125640869
1,1,10,00010_seed_00001,6,0.9434301853179932,1.0257601737976074,0.08232998847961426,1.0872666465000418,1.0257601737976074
1,1,10,00010_seed_00001,7,1.0351293087005615,1.0927425622940063,0.057613253593444824,1.0556580256294443,1.0927425622940063
1,1,11,00011_seed_00001,0,0.0,0.0,0.0,0,0.0
1,1,11,00011_seed_00001,1,0.03996093571186066,0.07774525880813599,0.03778432309627533,1.945531490271403,0.07774525880813599
1,1,11,00011_seed_00001,2,0.12957091629505157,0.18766126036643982,0.058090344071388245,1.448328573513428,0.18766126036643982
1,1,11,00011_seed_00001,3,0.09278567135334015,0.13438324630260468,0.041597574949264526,1.4483189520810325,0.13438324630260468
1,1,11,00011_seed_00001,4,0.2947230339050293,0.293142169713974,-0.0015808641910552979,0.9946361023429043,0.293142169713974
1,1,11,00011_seed_00001,5,0.3789646625518799,0.34838777780532837,-0.030576884746551514,0.9193146808447725,0.34838777780532837
1,1,11,00011_seed_00001,6,0.4620605707168579,0.4855721592903137,0.02351158857345581,1.05088421316058,0.4855721592903137
1,1,11,00011_seed_00001,7,0.5311224460601807,0.5261980891227722,-0.004924356937408447,0.9907283961091516,0.5261980891227722
1,1,12,00012_seed_00001,0,0.0,0.0,0.0,0,0.0
1,1,12,00012_seed_00001,1,0.17992696166038513,0.2980351746082306,0.11810821294784546,1.6564230944486047,0.2980351746082306
1,1,12,00012_seed_00001,2,0.296714186668396,0.3247304856777191,0.02801629900932312,1.0944218384833544,0.3247304856777191
1,1,12,00012_seed_00001,3,0.48920297622680664,0.39454030990600586,-0.09466266632080078,0.8064961357125661,0.39454030990600586
1,1,12,00012_seed_00001,4,0.7066617012023926,0.6812422871589661,-0.025419414043426514,0.9640288783159253,0.6812422871589661
1,1,12,00012_seed_00001,5,0.8045411705970764,0.6990946531295776,-0.10544651746749878,0.8689358340863483,0.6990946531295776
1,1,12,00012_seed_00001,6,0.8353809714317322,0.9625492095947266,0.12716823816299438,1.1522278367737355,0.9625492095947266
1,1,12,00012_seed_00001,7,1.0924986600875854,1.2158375978469849,0.12333893775939941,1.112896191332181,1.2158375978469849
1,1,13,00013_seed_00001,0,0.0,0.0,0.0,0,0.0
1,1,13,00013_seed_00001,1,0.14088194072246552,0.14850711822509766,0.007625177502632141,1.0541245915802195,0.14850711822509766
1,1,13,00013_seed_00001,2,0.40369105339050293,0.28645169734954834,-0.11723935604095459,0.7095814855041008,0.28645169734954834
1,1,13,00013_seed_00001,3,0.6483548879623413,0.5769827365875244,-0.0713721513748169,0.8899180792804289,0.5769827365875244
1,1,13,00013_seed_00001,4,0.9349313974380493,0.8833349943161011,-0.05159640312194824,0.9448126319606598,0.8833349943161011
1,1,13,00013_seed_00001,5,1.117581844329834,1.1274020671844482,0.009820222854614258,1.0087870279071176,1.1274020671844482
1,1,13,00013_seed_00001,6,1.2916386127471924,1.2819929122924805,-0.009645700454711914,0.9925321987438913,1.2819929122924805
1,1,13,00013_seed_00001,7,1.4251244068145752,1.4555087089538574,0.030384302139282227,1.0213204559503664,1.4555087089538574
1,1,14,00014_seed_00001,0,0.0,0.0,0.0,0,0.0
1,1,14,00014_seed_00001,1,0.08050210773944855,0.12428311258554459,0.04378100484609604,1.5438491745805802,0.12428311258554459
1,1,14,00014_seed_00001,2,0.25005945563316345,0.31552550196647644,0.06546604633331299,1.2618019229368855,0.31552550196647644
1,1,14,00014_seed_00001,3,0.2994336783885956,0.41852813959121704,0.11909446120262146,1.3977323520972293,0.41852813959121704
1,1,14,00014_seed_00001,4,0.41668766736984253,0.45709556341171265,0.04040789604187012,1.0969740628440654,0.45709556341171265
1,1,14,00014_seed_00001,5,0.5682243704795837,0.6190186738967896,0.05079430341720581,1.0893912793186522,0.6190186738967896
1,1,14,00014_seed_00001,6,0.5811905264854431,0.6952109932899475,0.1140204668045044,1.1961843175490237,0.6952109932899475
1,1,14,00014_seed_00001,7,0.7472794055938721,0.8283904790878296,0.08111107349395752,1.1085418290491995,0.8283904790878296
1,1,15,00015_seed_00001,0,0.0,0.0,0.0,0,0.0
1,1,15,00015_seed_00001,1,0.06317122280597687,0.08795645087957382,0.024785228073596954,1.3923499810937954,0.08795645087957382
1,1,15,00015_seed_00001,2,0.1322295218706131,0.15783138573169708,0.025601863861083984,1.1936168527186801,0.15783138573169708
1,1,15,00015_seed_00001,3,0.17990830540657043,0.18017445504665375,0.000266149640083313,1.0014793627202583,0.18017445504665375
1,1,15,00015_seed_00001,4,0.3181941509246826,0.28337976336479187,-0.03481438755989075,0.8905875942134103,0.28337976336479187
1,1,15,00015_seed_00001,5,0.42183759808540344,0.3499530255794525,-0.07188457250595093,0.8295918314720788,0.3499530255794525
1,1,15,00015_seed_00001,6,0.5592266321182251,0.529094934463501,-0.03013169765472412,0.9461189866072865,0.529094934463501
1,1,15,00015_seed_00001,7,0.6903122663497925,0.5694573521614075,-0.12085491418838501,0.8249271813936653,0.5694573521614075
1,1,16,00016_seed_00001,0,0.0,0.0,0.0,0,0.0
1,1,16,00016_seed_00001,1,0.1825985312461853,0.21732012927532196,0.03472159802913666,1.1901526687655766,0.21732012927532196
1,1,16,00016_seed_00001,2,0.3962273895740509,0.4260469079017639,0.029819518327713013,1.0752585992598072,0.4260469079017639
1,1,16,00016_seed_00001,3,0.5200735926628113,0.6078802943229675,0.08780670166015625,1.1688351473693945,0.6078802943229675
1,1,16,00016_seed_00001,4,0.6562672853469849,0.7478953003883362,0.09162801504135132,1.139619964437059,0.7478953003883362
1,1,16,00016_seed_00001,5,0.9269620776176453,0.9944038987159729,0.06744182109832764,1.0727557499133704,0.9944038987159729
1,1,16,00016_seed_00001,6,1.137641191482544,1.1579811573028564,0.0203399658203125,1.0178790694048323,1.1579811573028564
1,1,16,00016_seed_00001,7,1.2699323892593384,1.3882842063903809,0.11835181713104248,1.093195368613339,1.3882842063903809
1,1,17,00017_seed_00001,0,0.0,0.0,0.0,0,0.0
1,1,17,00017_seed_00001,1,0.3279947340488434,0.3355129361152649,0.007518202066421509,1.0229217157654182,0.3355129361152649
1,1,17,00017_seed_00001,2,0.797723650932312,0.7952825427055359,-0.002441108226776123,0.9969399074179095,0.7952825427055359
1,1,17,00017_seed_00001,3,1.0442242622375488,0.8809112310409546,-0.16331303119659424,0.8436034891138716,0.8809112310409546
1,1,17,00017_seed_00001,4,1.0176804065704346,0.8498461246490479,-0.16783428192138672,0.8350815434415355,0.8498461246490479
1,1,17,00017_seed_00001,5,1.2654238939285278,1.1758992671966553,-0.08952462673187256,0.9292532508976561,1.1758992671966553
1,1,17,00017_seed_00001,6,1.4590709209442139,1.1788928508758545,-0.2801780700683594,0.8079750161239272,1.1788928508758545
1,1,17,00017_seed_00001,7,1.4315546751022339,1.1724178791046143,-0.25913679599761963,0.8189822571889449,1.1724178791046143
1,1,18,00018_seed_00001,0,0.0,0.0,0.0,0,0.0
1,1,18,00018_seed_00001,1,0.13972896337509155,0.16004446148872375,0.020315498113632202,1.1453921765603945,0.16004446148872375
1,1,18,00018_seed_00001,2,0.4479537606239319,0.38823628425598145,-0.05971747636795044,0.8666883021926794,0.38823628425598145
1,1,18,00018_seed_00001,3,0.608244001865387,0.5700079202651978,-0.03823608160018921,0.9371369360274409,0.5700079202651978
1,1,18,00018_seed_00001,4,0.6528265476226807,0.6712201833724976,0.018393635749816895,1.028175379535037,0.6712201833724976
1,1,18,00018_seed_00001,5,0.6983696222305298,0.7126556038856506,0.01428598165512085,1.0204561899606868,0.7126556038856506
1,1,18,00018_seed_00001,6,0.8515485525131226,0.8692479133605957,0.017699360847473145,1.0207849109663074,0.8692479133605957
1,1,18,00018_seed_00001,7,0.9953794479370117,1.0030781030654907,0.007698655128479004,1.0077343922907338,1.0030781030654907
1,1,19,00019_seed_00001,0,0.0,0.0,0.0,0,0.0
1,1,19,00019_seed_00001,1,0.15116550028324127,0.2469446361064911,0.09577913582324982,1.633604464271192,0.2469446361064911
1,1,19,00019_seed_00001,2,0.3028368353843689,0.37323230504989624,0.07039546966552734,1.2324534582333073,0.37323230504989624
1,1,19,00019_seed_00001,3,0.36008909344673157,0.3650478422641754,0.004958748817443848,1.0137708942250354,0.3650478422641754
1,1,19,00019_seed_00001,4,0.39870190620422363,0.5718730092048645,0.17317110300064087,1.434337283835154,0.5718730092048645
1,1,19,00019_seed_00001,5,0.38604381680488586,0.5322045683860779,0.14616075158119202,1.378611818707265,0.5322045683860779
1,1,19,00019_seed_00001,6,0.4342629313468933,0.536140501499176,0.10187757015228271,1.2345988174406302,0.536140501499176
1,1,19,00019_seed_00001,7,0.47735118865966797,0.5199288129806519,0.04257762432098389,1.0891955971462763,0.5199288129806519
2,2,20,00020_seed_00001,0,0.0,0.0,0.0,0,0.0
2,2,20,00020_seed_00001,1,0.11841510981321335,0.11797812581062317,-0.00043698400259017944,0.9963097276751297,0.11797812581062317
2,2,20,00020_seed_00001,2,0.27416694164276123,0.27691957354545593,0.002752631902694702,1.0100399847122392,0.27691957354545593
2,2,20,00020_seed_00001,3,0.44759994745254517,0.4455926716327667,-0.0020072758197784424,0.9955154690450645,0.4455926716327667
2,2,20,00020_seed_00001,4,0.6259326338768005,0.6097297668457031,-0.016202867031097412,0.9741140401471917,0.6097297668457031
2,2,20,00020_seed_00001,5,0.7743204832077026,0.7468763589859009,-0.027444124221801758,0.9645571506669801,0.7468763589859009
2,2,20,00020_seed_00001,6,0.9059626460075378,0.8612749576568604,-0.04468768835067749,0.950673806974702,0.8612749576568604
2,2,20,00020_seed_00001,7,0.9382834434509277,0.8765183687210083,-0.061765074729919434,0.9341722640839183,0.8765183687210083
2,2,21,00021_seed_00001,0,0.0,0.0,0.0,0,0.0
2,2,21,00021_seed_00001,1,0.10820575803518295,0.11093933880329132,0.002733580768108368,1.025262803179287,0.11093933880329132
2,2,21,00021_seed_00001,2,0.16484089195728302,0.16092883050441742,-0.003912061452865601,0.9762676517554918,0.16092883050441742
2,2,21,00021_seed_00001,3,0.24317413568496704,0.20871704816818237,-0.03445708751678467,0.8583028272323174,0.20871704816818237
2,2,21,00021_seed_00001,4,0.24111540615558624,0.19986969232559204,-0.0412457138299942,0.8289378746566726,0.19986969232559204
2,2,21,00021_seed_00001,5,0.21109507977962494,0.17729511857032776,-0.03379996120929718,0.8398827616229472,0.17729511857032776
2,2,21,00021_seed_00001,6,0.24789804220199585,0.20307528972625732,-0.044822752475738525,0.8191887597110775,0.20307528972625732
2,2,21,00021_seed_00001,7,0.3486066460609436,0.33044928312301636,-0.018157362937927246,0.9479144670846208,0.33044928312301636
2,2,22,00022_seed_00001,0,0.0,0.0,0.0,0,0.0
2,2,22,00022_seed_00001,1,0.023079978302121162,0.013698119670152664,-0.009381858631968498,0.5935066095315064,0.013698119670152664
2,2,22,00022_seed_00001,2,0.055209942162036896,0.05477684363722801,-0.00043309852480888367,0.9921554251308982,0.05477684363722801
2,2,22,00022_seed_00001,3,0.17343775928020477,0.17094361782073975,-0.002494141459465027,0.9856193860563229,0.17094361782073975
2,2,22,00022_seed_00001,4,0.18583369255065918,0.17434200644493103,-0.01149168610572815,0.9381614499071773,0.17434200644493103
2,2,22,00022_seed_00001,5,0.21500664949417114,0.2367907017469406,0.02178405225276947,1.1013180397165345,0.2367907017469406
2,2,22,00022_seed_00001,6,0.3611065745353699,0.3820468783378601,0.020940303802490234,1.0579892621158553,0.3820468783378601
2,2,22,00022_seed_00001,7,0.32615965604782104,0.3206672668457031,-0.00549238920211792,0.983160427415607,0.3206672668457031
2,2,23,00023_seed_00001,0,0.0,0.0,0.0,0,0.0
2,2,23,00023_seed_00001,1,0.026082739233970642,0.030959147959947586,0.004876408725976944,1.1869592254952201,0.030959147959947586
2,2,23,00023_seed_00001,2,0.04234442114830017,0.05033047869801521,0.007986057549715042,1.1885976318284286,0.05033047869801521
2,2,23,00023_seed_00001,3,0.07768204808235168,0.08395911008119583,0.006277061998844147,1.0808045379054598,0.08395911008119583
2,2,23,00023_seed_00001,4,0.1211954653263092,0.11694042384624481,-0.004255041480064392,0.9648910834361003,0.11694042384624481
2,2,23,00023_seed_00001,5,0.1913040280342102,0.18442347645759583,-0.00688055157661438,0.9640334202718202,0.18442347645759583
2,2,23,00023_seed_00001,6,0.2448272407054901,0.23420822620391846,-0.010619014501571655,0.9566264992777271,0.23420822620391846
2,2,23,00023_seed_00001,7,0.2605985403060913,0.2517334222793579,-0.008865118026733398,0.9659817049768556,0.2517334222793579
2,2,24,00024_seed_00001,0,0.0,0.0,0.0,0,0.0
2,2,24,00024_seed_00001,1,0.07846689969301224,0.06405290961265564,-0.014413990080356598,0.8163048350737857,0.06405290961265564
2,2,24,00024_seed_00001,2,0.18696454167366028,0.15452750027179718,-0.0324370414018631,0.8265069883760058,0.15452750027179718
2,2,24,00024_seed_00001,3,0.3109092116355896,0.2902117371559143,-0.020697474479675293,0.933429201499715,0.2902117371559143
2,2,24,00024_seed_00001,4,0.5807229280471802,0.53877192735672,-0.041951000690460205,0.927760729490171,0.53877192735672
2,2,24,00024_seed_00001,5,0.6168199777603149,0.5565360188484192,-0.06028395891189575,0.9022665265629237,0.5565360188484192
2,2,24,00024_seed_00001,6,0.6224966645240784,0.5640352368354797,-0.05846142768859863,0.9060855567261641,0.5640352368354797
2,2,24,00024_seed_00001,7,0.701346218585968,0.6412168741226196,-0.06012934446334839,0.9142658178373311,0.6412168741226196
2,2,25,00025_seed_00001,0,0.0,0.0,0.0,0,0.0
2,2,25,00025_seed_00001,1,0.009930366650223732,0.01664046198129654,0.006710095331072807,1.6757147613398171,0.01664046198129654
2,2,25,00025_seed_00001,2,0.008396610617637634,0.013967601582407951,0.005570990964770317,1.6634809232511132,0.013967601582407951
2,2,25,00025_seed_00001,3,0.06582410633563995,0.0795632153749466,0.01373910903930664,1.2087245813752538,0.0795632153749466
2,2,25,00025_seed_00001,4,0.11396561563014984,0.12446931004524231,0.010503694415092468,1.0921654690058438,0.12446931004524231
2,2,25,00025_seed_00001,5,0.11628735065460205,0.17527130246162415,0.058983951807022095,1.507225863131209,0.17527130246162415
2,2,25,00025_seed_00001,6,0.06539887189865112,0.12569856643676758,0.060299694538116455,1.9220295822772466,0.12569856643676758
2,2,25,00025_seed_00001,7,0.08624346554279327,0.16325615346431732,0.07701268792152405,1.8929683824371715,0.16325615346431732
2,2,26,00026_seed_00001,0,0.0,0.0,0.0,0,0.0
2,2,26,00026_seed_00001,1,0.03746200352907181,0.037338972091674805,-0.00012303143739700317,0.9967158340236254,0.037338972091674805
2,2,26,00026_seed_00001,2,0.0639822781085968,0.06204664334654808,-0.0019356347620487213,0.9697473297408483,0.06204664334654808
2,2,26,00026_seed_00001,3,0.08355987071990967,0.06600706279277802,-0.017552807927131653,0.789937349401028,0.06600706279277802
2,2,26,00026_seed_00001,4,0.11151108145713806,0.10727395862340927,-0.00423712283372879,0.9620026747264806,0.10727395862340927
2,2,26,00026_seed_00001,5,0.1448500007390976,0.15113863348960876,0.006288632750511169,1.0434147926712005,0.15113863348960876
2,2,26,00026_seed_00001,6,0.33403322100639343,0.40337350964546204,0.0693402886390686,1.2075850073539285,0.40337350964546204
2,2,26,00026_seed_00001,7,0.3983709216117859,0.4799298346042633,0.08155891299247742,1.2047310899663428,0.4799298346042633
2,2,27,00027_seed_00001,0,0.0,0.0,0.0,0,0.0
2,2,27,00027_seed_00001,1,0.05165500566363335,0.05995224416255951,0.008297238498926163,1.1606279661056675,0.05995224416255951
2,2,27,00027_seed_00001,2,0.16486161947250366,0.15015804767608643,-0.014703571796417236,0.9108126449111489,0.15015804767608643
2,2,27,00027_seed_00001,3,0.24381352961063385,0.2957943379878998,0.05198080837726593,1.2131990314904937,0.2957943379878998
2,2,27,00027_seed_00001,4,0.22784969210624695,0.27971628308296204,0.05186659097671509,1.2276351154888967,0.27971628308296204
2,2,27,00027_seed_00001,5,0.2817925810813904,0.36255577206611633,0.08076319098472595,1.2866051003713226,0.36255577206611633
2,2,27,00027_seed_00001,6,0.40875935554504395,0.5118334293365479,0.1030740737915039,1.2521632163111323,0.5118334293365479
2,2,27,00027_seed_00001,7,0.5326888561248779,0.6086602210998535,0.07597136497497559,1.142618648956992,0.6086602210998535
2,2,28,00028_seed_00001,0,0.0,0.0,0.0,0,0.0
2,2,28,00028_seed_00001,1,0.01432003453373909,0.011574194766581059,-0.0027458397671580315,0.8082518753227428,0.011574194766581059
2,2,28,00028_seed_00001,2,0.04805324226617813,0.057303186506032944,0.009249944239854813,1.192493655029919,0.057303186506032944
2,2,28,00028_seed_00001,3,0.05945992097258568,0.056535109877586365,-0.0029248110949993134,0.9508103770210556,0.056535109877586365
2,2,28,00028_seed_00001,4,0.04576820880174637,0.05697517842054367,0.011206969618797302,1.2448636272252298,0.05697517842054367
2,2,28,00028_seed_00001,5,0.12161865085363388,0.04238785803318024,-0.07923079282045364,0.3485309015982537,0.04238785803318024
2,2,28,00028_seed_00001,6,0.18383534252643585,0.13450084626674652,-0.04933449625968933,0.7316375862133532,0.13450084626674652
2,2,28,00028_seed_00001,7,0.10931156575679779,0.09906788915395737,-0.010243676602840424,0.9062891787166318,0.09906788915395737
2,2,29,00029_seed_00001,0,0.0,0.0,0.0,0,0.0
2,2,29,00029_seed_00001,1,0.11764952540397644,0.11717350035905838,-0.0004760250449180603,0.9959538719490494,0.11717350035905838
2,2,29,00029_seed_00001,2,0.2236710786819458,0.23283252120018005,0.009161442518234253,1.0409594417491121,0.23283252120018005
2,2,29,00029_seed_00001,3,0.3517252206802368,0.36285388469696045,0.011128664016723633,1.0316402218618295,0.36285388469696045
2,2,29,00029_seed_00001,4,0.5048356652259827,0.5085304975509644,0.0036948323249816895,1.0073188813300815,0.5085304975509644
2,2,29,00029_seed_00001,5,0.6384114027023315,0.6342456936836243,-0.004165709018707275,0.9934748831222715,0.6342456936836243
2,2,29,00029_seed_00001,6,0.6987978219985962,0.6970004439353943,-0.0017973780632019043,0.9974278997349172,0.6970004439353943
2,2,29,00029_seed_00001,7,0.8458242416381836,0.8267078399658203,-0.01911640167236328,0.9773990851393206,0.8267078399658203
3,3,30,00030_seed_00001,0,0.0,0.0,0.0,0,0.0
3,3,30,00030_seed_00001,1,0.11064846813678741,0.12201398611068726,0.011365517973899841,1.1027173549284877,0.12201398611068726
3,3,30,00030_seed_00001,2,0.2049233317375183,0.1369393765926361,-0.0679839551448822,0.6682468776568531,0.1369393765926361
3,3,30,00030_seed_00001,3,0.2763431966304779,0.23481900990009308,-0.04152418673038483,0.8497368951481358,0.23481900990009308
3,3,30,00030_seed_00001,4,0.39761826395988464,0.39477720856666565,-0.002841055393218994,0.9928548166652988,0.39477720856666565
3,3,30,00030_seed_00001,5,0.46811914443969727,0.4726974368095398,0.004578292369842529,1.0097801861432572,0.4726974368095398
3,3,30,00030_seed_00001,6,0.5386145710945129,0.5138903856277466,-0.024724185466766357,0.9540967014380531,0.5138903856277466
3,3,30,00030_seed_00001,7,0.7045037150382996,0.7037257552146912,-0.0007779598236083984,0.9988957335397924,0.7037257552146912
3,3,31,00031_seed_00001,0,0.0,0.0,0.0,0,0.0
3,3,31,00031_seed_00001,1,0.013043195940554142,0.03172992169857025,0.01868672575801611,2.4326799845055613,0.03172992169857025
3,3,31,00031_seed_00001,2,0.07217337191104889,0.06712843477725983,-0.0050449371337890625,0.9300997445428105,0.06712843477725983
3,3,31,00031_seed_00001,3,0.055352356284856796,0.040644846856594086,-0.01470750942826271,0.7342929837968548,0.040644846856594086
3,3,31,00031_seed_00001,4,0.060714881867170334,0.08264893293380737,0.02193405106663704,1.3612631762114518,0.08264893293380737
3,3,31,00031_seed_00001,5,0.10600665211677551,0.12285474687814713,0.016848094761371613,1.1589343161484995,0.12285474687814713
3,3,31,00031_seed_00001,6,0.14081020653247833,0.18942177295684814,0.04861156642436981,1.3452275770446895,0.18942177295684814
3,3,31,00031_seed_00001,7,0.1401861608028412,0.16698145866394043,0.026795297861099243,1.1911408209458303,0.16698145866394043
3,3,32,00032_seed_00001,0,0.0,0.0,0.0,0,0.0
3,3,32,00032_seed_00001,1,0.1356561779975891,0.1576232612133026,0.0219670832157135,1.1619320516025735,0.1576232612133026
3,3,32,00032_seed_00001,2,0.2520864009857178,0.3239794373512268,0.07189303636550903,1.2851920456017865,0.3239794373512268
3,3,32,00032_seed_00001,3,0.4108459949493408,0.47634851932525635,0.06550252437591553,1.159433279577162,0.47634851932525635
3,3,32,00032_seed_00001,4,0.5950873494148254,0.6922920942306519,0.09720474481582642,1.1633453389849606,0.6922920942306519
3,3,32,00032_seed_00001,5,0.6950045824050903,0.8518368601799011,0.1568322777748108,1.225656465792048,0.8518368601799011
3,3,32,00032_seed_00001,6,0.8556411266326904,0.9826263189315796,0.12698519229888916,1.1484094071057915,0.9826263189315796
3,3,32,00032_seed_00001,7,0.9898442625999451,1.1218217611312866,0.13197749853134155,1.1333315790351572,1.1218217611312866
3,3,33,00033_seed_00001,0,0.0,0.0,0.0,0,0.0
3,3,33,00033_seed_00001,1,0.11703389883041382,0.12548771500587463,0.008453816175460815,1.072233910516052,0.12548771500587463
3,3,33,00033_seed_00001,2,0.2176397740840912,0.22249677777290344,0.004857003688812256,1.0223167098442936,0.22249677777290344
3,3,33,00033_seed_00001,3,0.3093668222427368,0.34288299083709717,0.03351616859436035,1.108337954119924,0.34288299083709717
3,3,33,00033_seed_00001,4,0.43263137340545654,0.435132771730423,0.0025013983249664307,1.0057818236927125,0.435132771730423
3,3,33,00033_seed_00001,5,0.5670532584190369,0.5630182027816772,-0.004035055637359619,0.9928841681491973,0.5630182027816772
3,3,33,00033_seed_00001,6,0.6736356019973755,0.6431271433830261,-0.030508458614349365,0.9547107389753604,0.6431271433830261
3,3,33,00033_seed_00001,7,0.8619426488876343,0.7963366508483887,-0.0656059980392456,0.9238858894801036,0.7963366508483887
3,3,34,00034_seed_00001,0,0.0,0.0,0.0,0,0.0
3,3,34,00034_seed_00001,1,0.10342039167881012,0.09040949493646622,-0.013010896742343903,0.8741940875378669,0.09040949493646622
3,3,34,00034_seed_00001,2,0.09113677591085434,0.1695874035358429,0.07845062762498856,1.8608009976315734,0.1695874035358429
3,3,34,00034_seed_00001,3,0.18818572163581848,0.2749004364013672,0.0867147147655487,1.4607932738561382,0.2749004364013672
3,3,34,00034_seed_00001,4,0.3001752197742462,0.37375661730766296,0.07358139753341675,1.2451281541119728,0.37375661730766296
3,3,34,00034_seed_00001,5,0.38173991441726685,0.44539299607276917,0.06365308165550232,1.166744632278419,0.44539299607276917
3,3,34,00034_seed_00001,6,0.35421329736709595,0.47702503204345703,0.12281173467636108,1.346716895128538,0.47702503204345703
3,3,34,00034_seed_00001,7,0.42480576038360596,0.5643951296806335,0.1395893692970276,1.3285957543771918,0.5643951296806335
3,3,35,00035_seed_00001,0,0.0,0.0,0.0,0,0.0
3,3,35,00035_seed_00001,1,0.008610690012574196,0.01942925713956356,0.010818567126989365,2.2564111716007664,0.01942925713956356
3,3,35,00035_seed_00001,2,0.09882672131061554,0.09248755872249603,-0.006339162588119507,0.9358557836984663,0.09248755872249603
3,3,35,00035_seed_00001,3,0.16755878925323486,0.149885356426239,-0.01767343282699585,0.8945239882326576,0.149885356426239
3,3,35,00035_seed_00001,4,0.23693527281284332,0.2461264282464981,0.009191155433654785,1.0387918410143808,0.2461264282464981
3,3,35,00035_seed_00001,5,0.3743661344051361,0.45939403772354126,0.08502790331840515,1.2271249867553153,0.45939403772354126
3,3,35,00035_seed_00001,6,0.5455321669578552,0.5510659217834473,0.005533754825592041,1.010143773659491,0.5510659217834473
3,3,35,00035_seed_00001,7,0.6060470342636108,0.563422679901123,-0.04262435436248779,0.9296682403300937,0.563422679901123
3,3,36,00036_seed_00001,0,0.0,0.0,0.0,0,0.0
3,3,36,00036_seed_00001,1,0.030993690714240074,0.03449119254946709,0.0034975018352270126,1.112845606787322,0.03449119254946709
3,3,36,00036_seed_00001,2,0.1440572589635849,0.11305508017539978,-0.03100217878818512,0.7847926650053648,0.11305508017539978
3,3,36,00036_seed_00001,3,0.133875772356987,0.0979796051979065,-0.035896167159080505,0.7318695793338811,0.0979796051979065
3,3,36,00036_seed_00001,4,0.20679575204849243,0.17756778001785278,-0.02922797203063965,0.8586626091633359,0.17756778001785278
3,3,36,00036_seed_00001,5,0.27352002263069153,0.2455398589372635,-0.02798016369342804,0.8977034170137993,0.2455398589372635
3,3,36,00036_seed_00001,6,0.3591131269931793,0.29993224143981934,-0.059180885553359985,0.8352026670568241,0.29993224143981934
3,3,36,00036_seed_00001,7,0.40663760900497437,0.35507822036743164,-0.051559388637542725,0.87320555822737,0.35507822036743164
3,3,37,00037_seed_00001,0,0.0,0.0,0.0,0,0.0
3,3,37,00037_seed_00001,1,0.09706919640302658,0.12620384991168976,0.029134653508663177,1.300143141060914,0.12620384991168976
3,3,37,00037_seed_00001,2,0.24234753847122192,0.25390881299972534,0.011561274528503418,1.0477053515848946,0.25390881299972534
3,3,37,00037_seed_00001,3,0.30118441581726074,0.2866624891757965,-0.014521926641464233,0.9517839374190091,0.2866624891757965
3,3,37,00037_seed_00001,4,0.3498086929321289,0.3674299716949463,0.017621278762817383,1.0503740447817753,0.3674299716949463
3,3,37,00037_seed_00001,5,0.3866465389728546,0.4385743737220764,0.0519278347492218,1.1343031154169145,0.4385743737220764
3,3,37,00037_seed_00001,6,0.32316726446151733,0.42038077116012573,0.0972135066986084,1.3008148330264575,0.42038077116012573
3,3,37,00037_seed_00001,7,0.29186344146728516,0.4003809094429016,0.10851746797561646,1.3718090468270592,0.4003809094429016
3,3,38,00038_seed_00001,0,0.0,0.0,0.0,0,0.0
3,3,38,00038_seed_00001,1,0.040984146296978,0.02457117661833763,-0.016412969678640366,0.5995288139050345,0.02457117661833763
3,3,38,00038_seed_00001,2,0.059781093150377274,0.02527797780930996,-0.034503115341067314,0.4228423482609139,0.02527797780930996
3,3,38,00038_seed_00001,3,0.10715405642986298,0.055702999234199524,-0.05145105719566345,0.5198403223368364,0.055702999234199524
3,3,38,00038_seed_00001,4,0.13710267841815948,0.08748896420001984,-0.04961371421813965,0.63812731603376,0.08748896420001984
3,3,38,00038_seed_00001,5,0.15600378811359406,0.09544283151626587,-0.060560956597328186,0.6117981663802242,0.09544283151626587
3,3,38,00038_seed_00001,6,0.15303659439086914,0.07628001272678375,-0.07675658166408539,0.49844295758410423,0.07628001272678375
3,3,38,00038_seed_00001,7,0.16641850769519806,0.10172524303197861,-0.06469326466321945,0.6112615984893479,0.10172524303197861
3,3,39,00039_seed_00001,0,0.0,0.0,0.0,0,0.0
3,3,39,00039_seed_00001,1,0.14796321094036102,0.09304875135421753,-0.054914459586143494,0.6288640991423358,0.09304875135421753
3,3,39,00039_seed_00001,2,0.2766115963459015,0.22354817390441895,-0.053063422441482544,0.8081663128283061,0.22354817390441895
3,3,39,00039_seed_00001,3,0.32401108741760254,0.2723447382450104,-0.05166634917259216,0.8405414160843149,0.2723447382450104
3,3,39,00039_seed_00001,4,0.3378843367099762,0.23936426639556885,-0.09852007031440735,0.7084207238674923,0.23936426639556885
3,3,39,00039_seed_00001,5,0.4404299259185791,0.34705373644828796,-0.09337618947029114,0.7879885448847694,0.34705373644828796
3,3,39,00039_seed_00001,6,0.5258285999298096,0.4309634268283844,-0.09486517310142517,0.8195891719961822,0.4309634268283844
3,3,39,00039_seed_00001,7,0.6149738430976868,0.6635923981666565,0.04861855506896973,1.0790579235436633,0.6635923981666565
4,4,40,00040_seed_00001,0,0.0,0.0,0.0,0,0.0
4,4,40,00040_seed_00001,1,0.017744075506925583,0.03987637534737587,0.022132299840450287,2.2473064506410583,0.03987637534737587
4,4,40,00040_seed_00001,2,0.08060361444950104,0.09346017241477966,0.012856557965278625,1.159503491910197,0.09346017241477966
4,4,40,00040_seed_00001,3,0.1479821801185608,0.15368011593818665,0.0056979358196258545,1.0385042024320819,0.15368011593818665
4,4,40,00040_seed_00001,4,0.17220532894134521,0.16963069140911102,-0.002574637532234192,0.985049025206931,0.16963069140911102
4,4,40,00040_seed_00001,5,0.218221977353096,0.2135820984840393,-0.004639878869056702,0.9787378020979569,0.2135820984840393
4,4,40,00040_seed_00001,6,0.23995788395404816,0.22758124768733978,-0.012376636266708374,0.9484216310680649,0.22758124768733978
4,4,40,00040_seed_00001,7,0.29781803488731384,0.2777171730995178,-0.02010086178779602,0.9325062305397266,0.2777171730995178
4,4,41,00041_seed_00001,0,0.0,0.0,0.0,0,0.0
4,4,41,00041_seed_00001,1,0.032328296452760696,0.04214789345860481,0.009819597005844116,1.3037461939942574,0.04214789345860481
4,4,41,00041_seed_00001,2,0.1624661684036255,0.1708029806613922,0.008336812257766724,1.051314143367098,0.1708029806613922
4,4,41,00041_seed_00001,3,0.12965691089630127,0.1544153392314911,0.02475842833518982,1.1909534028231743,0.1544153392314911
4,4,41,00041_seed_00001,4,0.23074106872081757,0.24534469842910767,0.0146036297082901,1.0632901190466426,0.24534469842910767
4,4,41,00041_seed_00001,5,0.39064183831214905,0.3995020389556885,0.008860200643539429,1.0226811359526204,0.3995020389556885
4,4,41,00041_seed_00001,6,0.39301010966300964,0.38479265570640564,-0.008217453956604004,0.9790909858180236,0.38479265570640564
4,4,41,00041_seed_00001,7,0.41585224866867065,0.41235804557800293,-0.0034942030906677246,0.9915974890075641,0.41235804557800293
4,4,42,00042_seed_00001,0,0.0,0.0,0.0,0,0.0
4,4,42,00042_seed_00001,1,0.018805572763085365,0.03181422874331474,0.013008655980229378,1.691744736739148,0.03181422874331474
4,4,42,00042_seed_00001,2,0.06175181269645691,0.04808543995022774,-0.013666372746229172,0.7786887194161136,0.04808543995022774
4,4,42,00042_seed_00001,3,0.05257298797369003,0.04564295709133148,-0.006930030882358551,0.8681826704271277,0.04564295709133148
4,4,42,00042_seed_00001,4,0.08300816267728806,0.055961888283491135,-0.02704627439379692,0.6741733159551418,0.055961888283491135
4,4,42,00042_seed_00001,5,0.13372564315795898,0.09501858055591583,-0.03870706260204315,0.710548689929861,0.09501858055591583
4,4,42,00042_seed_00001,6,0.18139608204364777,0.09744741022586823,-0.08394867181777954,0.5372079106009594,0.09744741022586823
4,4,42,00042_seed_00001,7,0.12535065412521362,0.13358408212661743,0.008233428001403809,1.0656831674223206,0.13358408212661743
4,4,43,00043_seed_00001,0,0.0,0.0,0.0,0,0.0
4,4,43,00043_seed_00001,1,0.07817947119474411,0.07197963446378708,-0.006199836730957031,0.9206973821105375,0.07197963446378708
4,4,43,00043_seed_00001,2,0.12971217930316925,0.11870969831943512,-0.01100248098373413,0.9151777339426345,0.11870969831943512
4,4,43,00043_seed_00001,3,0.14938130974769592,0.16745658218860626,0.01807527244091034,1.121000896775101,0.16745658218860626
4,4,43,00043_seed_00001,4,0.26357537508010864,0.2917535603046417,0.02817818522453308,1.1069075030850999,0.2917535603046417
4,4,43,00043_seed_00001,5,0.3095233738422394,0.3432962894439697,0.03377291560173035,1.109112650144942,0.3432962894439697
4,4,43,00043_seed_00001,6,0.3692675530910492,0.40008455514907837,0.030817002058029175,1.0834543999332396,0.40008455514907837
4,4,43,00043_seed_00001,7,0.3830260932445526,0.4371057152748108,0.05407962203025818,1.1411904384167626,0.4371057152748108
4,4,44,00044_seed_00001,0,0.0,0.0,0.0,0,0.0
4,4,44,00044_seed_00001,1,0.017132330685853958,0.03114902600646019,0.014016695320606232,1.818142935577336,0.03114902600646019
4,4,44,00044_seed_00001,2,0.06824079900979996,0.058031804859638214,-0.010208994150161743,0.8503974997611672,0.058031804859638214
4,4,44,00044_seed_00001,3,0.19444423913955688,0.1712573915719986,-0.02318684756755829,0.8807532294596984,0.1712573915719986
4,4,44,00044_seed_00001,4,0.2386147677898407,0.19524677097797394,-0.04336799681186676,0.8182509942131369,0.19524677097797394
4,4,44,00044_seed_00001,5,0.3348179757595062,0.2775767743587494,-0.057241201400756836,0.829037848786613,0.2775767743587494
4,4,44,00044_seed_00001,6,0.2806512713432312,0.2673102021217346,-0.013341069221496582,0.9524638917271082,0.2673102021217346
4,4,44,00044_seed_00001,7,0.2908622920513153,0.26120519638061523,-0.029657095670700073,0.8980373307879048,0.26120519638061523
4,4,45,00045_seed_00001,0,0.0,0.0,0.0,0,0.0
4,4,45,00045_seed_00001,1,0.09357760846614838,0.07287197560071945,-0.020705632865428925,0.7787330408970735,0.07287197560071945
4,4,45,00045_seed_00001,2,0.20056012272834778,0.21112141013145447,0.01056128740310669,1.0526589596148763,0.21112141013145447
4,4,45,00045_seed_00001,3,0.30225637555122375,0.3050402104854584,0.002783834934234619,1.0092101777147222,0.3050402104854584
4,4,45,00045_seed_00001,4,0.38584211468696594,0.3941936790943146,0.008351564407348633,1.0216450306730365,0.3941936790943146
4,4,45,00045_seed_00001,5,0.4483811855316162,0.4540538787841797,0.0056726932525634766,1.0126514970645741,0.4540538787841797
4,4,45,00045_seed_00001,6,0.5695936679840088,0.570203423500061,0.0006097555160522461,1.001070509646307,0.570203423500061
4,4,45,00045_seed_00001,7,0.6848121881484985,0.6305203437805176,-0.05429184436798096,0.9207200962430768,0.6305203437805176
4,4,46,00046_seed_00001,0,0.0,0.0,0.0,0,0.0
4,4,46,00046_seed_00001,1,0.027205675840377808,0.05264374241232872,0.025438066571950912,1.9350279228938152,0.05264374241232872
4,4,46,00046_seed_00001,2,0.07443788647651672,0.07285626232624054,-0.001581624150276184,0.9787524307158406,0.07285626232624054
4,4,46,00046_seed_00001,3,0.09763963520526886,0.08329419046640396,-0.014345444738864899,0.8530776491666902,0.08329419046640396
4,4,46,00046_seed_00001,4,0.09719619899988174,0.0548553392291069,-0.04234085977077484,0.564377411807777,0.0548553392291069
4,4,46,00046_seed_00001,5,0.08738590031862259,0.052916593849658966,-0.03446930646896362,0.6055507084863443,0.052916593849658966
4,4,46,00046_seed_00001,6,0.08067154139280319,0.06253015995025635,-0.018141381442546844,0.7751204312036951,0.06253015995025635
4,4,46,00046_seed_00001,7,0.12986651062965393,0.1073756068944931,-0.022490903735160828,0.8268152148994045,0.1073756068944931
4,4,47,00047_seed_00001,0,0.0,0.0,0.0,0,0.0
4,4,47,00047_seed_00001,1,0.05366039276123047,0.06189853698015213,0.008238144218921661,1.15352374060284,0.06189853698015213
4,4,47,00047_seed_00001,2,0.07174123078584671,0.07648725807666779,0.0047460272908210754,1.066154807198504,0.07648725807666779
4,4,47,00047_seed_00001,3,0.07687799632549286,0.09306882321834564,0.016190826892852783,1.2106041737131472,0.09306882321834564
4,4,47,00047_seed_00001,4,0.09114889800548553,0.14092786610126495,0.04977896809577942,1.546128029905349,0.14092786610126495
4,4,47,00047_seed_00001,5,0.11727750301361084,0.15782730281352997,0.04054979979991913,1.3457594061770999,0.15782730281352997
4,4,47,00047_seed_00001,6,0.14042726159095764,0.19487214088439941,0.05444487929344177,1.3877087588023405,0.19487214088439941
4,4,47,00047_seed_00001,7,0.15435639023780823,0.21003681421279907,0.055680423974990845,1.3607263935701472,0.21003681421279907
4,4,48,00048_seed_00001,0,0.0,0.0,0.0,0,0.0
4,4,48,00048_seed_00001,1,0.02922583557665348,0.03186485916376114,0.0026390235871076584,1.090297626570369,0.03186485916376114
4,4,48,00048_seed_00001,2,0.03810948133468628,0.04376118257641792,0.005651701241731644,1.1483017098054182,0.04376118257641792
4,4,48,00048_seed_00001,3,0.0800333246588707,0.05838466435670853,-0.02164866030216217,0.7295044233831827,0.05838466435670853
4,4,48,00048_seed_00001,4,0.12285809218883514,0.06410352885723114,-0.058754563331604004,0.5217688775331367,0.06410352885723114
4,4,48,00048_seed_00001,5,0.13998167216777802,0.09572678059339523,-0.04425489157438278,0.6838522437327357,0.09572678059339523
4,4,48,00048_seed_00001,6,0.16304510831832886,0.13990503549575806,-0.0231400728225708,0.858075638936728,0.13990503549575806
4,4,48,00048_seed_00001,7,0.20004305243492126,0.16634857654571533,-0.03369447588920593,0.8315638784797711,0.16634857654571533
4,4,49,00049_seed_00001,0,0.0,0.0,0.0,0,0.0
4,4,49,00049_seed_00001,1,0.0598488375544548,0.12812882661819458,0.06827998906373978,2.1408741063953616,0.12812882661819458
4,4,49,00049_seed_00001,2,0.030543241649866104,0.10731696337461472,0.07677372172474861,3.513607514383961,0.10731696337461472
4,4,49,00049_seed_00001,3,0.020441822707653046,0.1380063146352768,0.11756449192762375,6.751174619257887,0.1380063146352768
4,4,49,00049_seed_00001,4,0.11330769956111908,0.2612951397895813,0.14798744022846222,2.306066938095735,0.2612951397895813
4,4,49,00049_seed_00001,5,0.16278374195098877,0.2252001166343689,0.06241637468338013,1.3834312563116564,0.2252001166343689
4,4,49,00049_seed_00001,6,0.20418575406074524,0.3395277261734009,0.13534197211265564,1.6628374870481484,0.3395277261734009
4,4,49,00049_seed_00001,7,0.1875866949558258,0.39536798000335693,0.20778128504753113,2.10765470385019,0.39536798000335693
