dataset_idx,dataset_name,traj_idx,traj_name,frame_idx,clean_mean_partial_rms,adv_mean_partial_rms,adv_delta_mean_partial_rms,adv_ratio_mean_partial_rms,adv_delta_ratio_mean_partial_rms
0,0,0,00000_seed_00001,0,0.0,0.0,0.0,0,0.0
0,0,0,00000_seed_00001,1,0.9781103134155273,0.9781103134155273,0.0,1.0,0.9781103134155273
0,0,0,00000_seed_00001,2,1.9549589157104492,1.9549589157104492,0.0,1.0,1.9549589157104492
0,0,0,00000_seed_00001,3,2.930574655532837,2.930574893951416,2.384185791015625e-07,1.0000000813555725,2.930574893951416
0,0,0,00000_seed_00001,4,3.9049839973449707,3.9049839973449707,0.0,1.0,3.9049839973449707
0,0,0,00000_seed_00001,5,4.878215789794922,4.878215789794922,0.0,1.0,4.878215789794922
0,0,0,00000_seed_00001,6,5.850297451019287,5.850297451019287,0.0,1.0,5.850297451019287
0,0,0,00000_seed_00001,7,6.821261405944824,6.821261405944824,0.0,1.0,6.821261405944824
0,0,1,00001_seed_00001,0,0.0,0.0,0.0,0,0.0
0,0,1,00001_seed_00001,1,0.9216471910476685,0.9216471910476685,0.0,1.0,0.9216471910476685
0,0,1,00001_seed_00001,2,1.841294765472412,1.8412950038909912,2.384185791015625e-07,1.0000001294841996,1.8412950038909912
0,0,1,00001_seed_00001,3,2.758965015411377,2.758965015411377,0.0,1.0,2.758965015411377
0,0,1,00001_seed_00001,4,3.6746792793273926,3.6746795177459717,2.384185791015625e-07,1.0000000648814662,3.6746795177459717
0,0,1,00001_seed_00001,5,4.588450908660889,4.588450908660889,0.0,1.0,4.588450908660889
0,0,1,00001_seed_00001,6,5.500308990478516,5.500308990478516,0.0,1.0,5.500308990478516
0,0,1,00001_seed_00001,7,6.410275459289551,6.410275459289551,0.0,1.0,6.410275459289551
0,0,2,00002_seed_00001,0,0.0,0.0,0.0,0,0.0
0,0,2,00002_seed_00001,1,0.9539531469345093,0.9539531469345093,0.0,1.0,0.9539531469345093
0,0,2,00002_seed_00001,2,1.9063665866851807,1.9063665866851807,0.0,1.0,1.9063665866851807
0,0,2,00002_seed_00001,3,2.8572611808776855,2.8572611808776855,0.0,1.0,2.8572611808776855
0,0,2,00002_seed_00001,4,3.8066577911376953,3.8066577911376953,0.0,1.0,3.8066577911376953
0,0,2,00002_seed_00001,5,4.754577159881592,4.754577159881592,0.0,1.0,4.754577159881592
0,0,2,00002_seed_00001,6,5.701041221618652,5.701041221618652,0.0,1.0,5.701041221618652
0,0,2,00002_seed_00001,7,6.646070957183838,6.646070957183838,0.0,1.0,6.646070957183838
0,0,3,00003_seed_00001,0,0.0,0.0,0.0,0,0.0
0,0,3,00003_seed_00001,1,0.8808442950248718,0.8808443546295166,5.960464477539063e-08,1.0000000676676288,0.8808443546295166
0,0,3,00003_seed_00001,2,1.7586147785186768,1.7586147785186768,0.0,1.0,1.7586147785186768
0,0,3,00003_seed_00001,3,2.6333258152008057,2.6333258152008057,0.0,1.0,2.6333258152008057
0,0,3,00003_seed_00001,4,3.504991054534912,3.504991054534912,0.0,1.0,3.504991054534912
0,0,3,00003_seed_00001,5,4.37362003326416,4.37362003326416,0.0,1.0,4.37362003326416
0,0,3,00003_seed_00001,6,5.239230155944824,5.239230155944824,0.0,1.0,5.239230155944824
0,0,3,00003_seed_00001,7,6.101831436157227,6.101831436157227,0.0,1.0,6.101831436157227
0,0,4,00004_seed_00001,0,0.0,0.0,0.0,0,0.0
0,0,4,00004_seed_00001,1,1.0899375677108765,1.089937686920166,1.1920928955078125e-07,1.0000001093725852,1.089937686920166
0,0,4,00004_seed_00001,2,2.177340030670166,2.177340030670166,0.0,1.0,2.177340030670166
0,0,4,00004_seed_00001,3,3.2622132301330566,3.2622132301330566,0.0,1.0,3.2622132301330566
0,0,4,00004_seed_00001,4,4.344576835632324,4.344576835632324,0.0,1.0,4.344576835632324
0,0,4,00004_seed_00001,5,5.424434661865234,5.424435615539551,9.5367431640625e-07,1.000000175810822,5.424435615539551
0,0,4,00004_seed_00001,6,6.501811504364014,6.501811504364014,0.0,1.0,6.501811504364014
0,0,4,00004_seed_00001,7,7.5767011642456055,7.576701641082764,4.76837158203125e-07,1.0000000629346661,7.576701641082764
0,0,5,00005_seed_00001,0,0.0,0.0,0.0,0,0.0
0,0,5,00005_seed_00001,1,1.1636141538619995,1.1636141538619995,0.0,1.0,1.1636141538619995
0,0,5,00005_seed_00001,2,2.322575569152832,2.322575569152832,0.0,1.0,2.322575569152832
0,0,5,00005_seed_00001,3,3.4768571853637695,3.4768574237823486,2.384185791015625e-07,1.0000000685730148,3.4768574237823486
0,0,5,00005_seed_00001,4,4.626430034637451,4.626430034637451,0.0,1.0,4.626430034637451
0,0,5,00005_seed_00001,5,5.771274566650391,5.771274566650391,0.0,1.0,5.771274566650391
0,0,5,00005_seed_00001,6,6.911355972290039,6.911355972290039,0.0,1.0,6.911355972290039
0,0,5,00005_seed_00001,7,8.04664421081543,8.04664421081543,0.0,1.0,8.04664421081543
0,0,6,00006_seed_00001,0,0.0,0.0,0.0,0,0.0
0,0,6,00006_seed_00001,1,1.1003122329711914,1.1003122329711914,0.0,1.0,1.1003122329711914
0,0,6,00006_seed_00001,2,2.198439836502075,2.198439836502075,0.0,1.0,2.198439836502075
0,0,6,00006_seed_00001,3,3.294302463531494,3.294302463531494,0.0,1.0,3.294302463531494
0,0,6,00006_seed_00001,4,4.387815475463867,4.387815475463867,0.0,1.0,4.387815475463867
0,0,6,00006_seed_00001,5,5.478888511657715,5.478888511657715,0.0,1.0,5.478888511657715
0,0,6,00006_seed_00001,6,6.567434787750244,6.567434787750244,0.0,1.0,6.567434787750244
0,0,6,00006_seed_00001,7,7.653364181518555,7.653365135192871,9.5367431640625e-07,1.0000001246085113,7.653365135192871
0,0,7,00007_seed_00001,0,0.0,0.0,0.0,0,0.0
0,0,7,00007_seed_00001,1,1.189677119255066,1.189677119255066,0.0,1.0,1.189677119255066
0,0,7,00007_seed_00001,2,2.3737339973449707,2.3737339973449707,0.0,1.0,2.3737339973449707
0,0,7,00007_seed_00001,3,3.552096128463745,3.552095890045166,-2.384185791015625e-07,0.9999999328794688,3.552095890045166
0,0,7,00007_seed_00001,4,4.724681854248047,4.724681854248047,0.0,1.0,4.724681854248047
0,0,7,00007_seed_00001,5,5.891409397125244,5.891409397125244,0.0,1.0,5.891409397125244
0,0,7,00007_seed_00001,6,7.0521955490112305,7.0521955490112305,0.0,1.0,7.0521955490112305
0,0,7,00007_seed_00001,7,8.206962585449219,8.206962585449219,0.0,1.0,8.206962585449219
0,0,8,00008_seed_00001,0,0.0,0.0,0.0,0,0.0
0,0,8,00008_seed_00001,1,1.0151773691177368,1.0151773691177368,0.0,1.0,1.0151773691177368
0,0,8,00008_seed_00001,2,2.029080390930176,2.029080390930176,0.0,1.0,2.029080390930176
0,0,8,00008_seed_00001,3,3.0417184829711914,3.041718006134033,-4.76837158203125e-07,0.9999998432342898,3.041718006134033
0,0,8,00008_seed_00001,4,4.0531005859375,4.0531005859375,0.0,1.0,4.0531005859375
0,0,8,00008_seed_00001,5,5.063235759735107,5.063235759735107,0.0,1.0,5.063235759735107
0,0,8,00008_seed_00001,6,6.072134017944336,6.072134494781494,4.76837158203125e-07,1.0000000785287606,6.072134494781494
0,0,8,00008_seed_00001,7,7.079806327819824,7.079806327819824,0.0,1.0,7.079806327819824
0,0,9,00009_seed_00001,0,0.0,0.0,0.0,0,0.0
0,0,9,00009_seed_00001,1,0.9892375469207764,0.9892376065254211,5.960464477539063e-08,1.000000060253116,0.9892376065254211
0,0,9,00009_seed_00001,2,1.9787322282791138,1.9787325859069824,3.5762786865234375e-07,1.0000001807358587,1.9787325859069824
0,0,9,00009_seed_00001,3,2.9684767723083496,2.9684767723083496,0.0,1.0,2.9684767723083496
0,0,9,00009_seed_00001,4,3.958453416824341,3.95845365524292,2.384185791015625e-07,1.0000000602302348,3.95845365524292
0,0,9,00009_seed_00001,5,4.948642253875732,4.948642730712891,4.76837158203125e-07,1.0000000963571691,4.948642730712891
0,0,9,00009_seed_00001,6,5.939029693603516,5.939029693603516,0.0,1.0,5.939029693603516
0,0,9,00009_seed_00001,7,6.9296159744262695,6.9296159744262695,0.0,1.0,6.9296159744262695
1,1,10,00010_seed_00001,0,0.0,0.0,0.0,0,0.0
1,1,10,00010_seed_00001,1,1.004138469696045,1.004138469696045,0.0,1.0,1.004138469696045
1,1,10,00010_seed_00001,2,2.0064821243286133,2.0064821243286133,0.0,1.0,2.0064821243286133
1,1,10,00010_seed_00001,3,3.007040023803711,3.007040023803711,0.0,1.0,3.007040023803711
1,1,10,00010_seed_00001,4,4.005820274353027,4.005820274353027,0.0,1.0,4.005820274353027
1,1,10,00010_seed_00001,5,5.002831935882568,5.002831935882568,0.0,1.0,5.002831935882568
1,1,10,00010_seed_00001,6,5.998083114624023,5.998083114624023,0.0,1.0,5.998083114624023
1,1,10,00010_seed_00001,7,6.991583824157715,6.991583824157715,0.0,1.0,6.991583824157715
1,1,11,00011_seed_00001,0,0.0,0.0,0.0,0,0.0
1,1,11,00011_seed_00001,1,1.1706966161727905,1.1706966161727905,0.0,1.0,1.1706966161727905
1,1,11,00011_seed_00001,2,2.3365936279296875,2.3365938663482666,2.384185791015625e-07,1.000000102036818,2.3365938663482666
1,1,11,00011_seed_00001,3,3.497692584991455,3.497692584991455,0.0,1.0,3.497692584991455
1,1,11,00011_seed_00001,4,4.653984069824219,4.653984069824219,0.0,1.0,4.653984069824219
1,1,11,00011_seed_00001,5,5.80546760559082,5.80546760559082,0.0,1.0,5.80546760559082
1,1,11,00011_seed_00001,6,6.9521331787109375,6.9521331787109375,0.0,1.0,6.9521331787109375
1,1,11,00011_seed_00001,7,8.093993186950684,8.093993186950684,0.0,1.0,8.093993186950684
1,1,12,00012_seed_00001,0,0.0,0.0,0.0,0,0.0
1,1,12,00012_seed_00001,1,1.0363959074020386,1.036395788192749,-1.1920928955078125e-07,0.9999998849770743,1.036395788192749
1,1,12,00012_seed_00001,2,2.0717484951019287,2.0717484951019287,0.0,1.0,2.0717484951019287
1,1,12,00012_seed_00001,3,3.106062173843384,3.106062412261963,2.384185791015625e-07,1.0000000767591135,3.106062412261963
1,1,12,00012_seed_00001,4,4.13934326171875,4.13934326171875,0.0,1.0,4.13934326171875
1,1,12,00012_seed_00001,5,5.171586990356445,5.171586990356445,0.0,1.0,5.171586990356445
1,1,12,00012_seed_00001,6,6.2028045654296875,6.2028045654296875,0.0,1.0,6.2028045654296875
1,1,12,00012_seed_00001,7,7.233001708984375,7.233001708984375,0.0,1.0,7.233001708984375
1,1,13,00013_seed_00001,0,0.0,0.0,0.0,0,0.0
1,1,13,00013_seed_00001,1,1.1844182014465332,1.1844182014465332,0.0,1.0,1.1844182014465332
1,1,13,00013_seed_00001,2,2.363574266433716,2.363574266433716,0.0,1.0,2.363574266433716
1,1,13,00013_seed_00001,3,3.537403106689453,3.537403106689453,0.0,1.0,3.537403106689453
1,1,13,00013_seed_00001,4,4.705835819244385,4.705835819244385,0.0,1.0,4.705835819244385
1,1,13,00013_seed_00001,5,5.868814468383789,5.868814468383789,0.0,1.0,5.868814468383789
1,1,13,00013_seed_00001,6,7.0262603759765625,7.0262603759765625,0.0,1.0,7.0262603759765625
1,1,13,00013_seed_00001,7,8.178106307983398,8.178106307983398,0.0,1.0,8.178106307983398
1,1,14,00014_seed_00001,0,0.0,0.0,0.0,0,0.0
1,1,14,00014_seed_00001,1,1.1269927024841309,1.1269927024841309,0.0,1.0,1.1269927024841309
1,1,14,00014_seed_00001,2,2.2505011558532715,2.2505011558532715,0.0,1.0,2.2505011558532715
1,1,14,00014_seed_00001,3,3.370502233505249,3.370502233505249,0.0,1.0,3.370502233505249
1,1,14,00014_seed_00001,4,4.486983776092529,4.486983776092529,0.0,1.0,4.486983776092529
1,1,14,00014_seed_00001,5,5.599917411804199,5.599917411804199,0.0,1.0,5.599917411804199
1,1,14,00014_seed_00001,6,6.709297180175781,6.709297180175781,0.0,1.0,6.709297180175781
1,1,14,00014_seed_00001,7,7.8150835037231445,7.8150835037231445,0.0,1.0,7.8150835037231445
1,1,15,00015_seed_00001,0,0.0,0.0,0.0,0,0.0
1,1,15,00015_seed_00001,1,1.0636844635009766,1.0636844635009766,0.0,1.0,1.0636844635009766
1,1,15,00015_seed_00001,2,2.1243903636932373,2.1243903636932373,0.0,1.0,2.1243903636932373
1,1,15,00015_seed_00001,3,3.1821370124816895,3.1821370124816895,0.0,1.0,3.1821370124816895
1,1,15,00015_seed_00001,4,4.236952304840088,4.236952781677246,4.76837158203125e-07,1.000000112542489,4.236952781677246
1,1,15,00015_seed_00001,5,5.28885555267334,5.28885555267334,0.0,1.0,5.28885555267334
1,1,15,00015_seed_00001,6,6.337879657745361,6.337879657745361,0.0,1.0,6.337879657745361
1,1,15,00015_seed_00001,7,7.384036064147949,7.384035587310791,-4.76837158203125e-07,0.9999999354232355,7.384035587310791
1,1,16,00016_seed_00001,0,0.0,0.0,0.0,0,0.0
1,1,16,00016_seed_00001,1,1.1577099561691284,1.1577099561691284,0.0,1.0,1.1577099561691284
1,1,16,00016_seed_00001,2,2.3117456436157227,2.3117456436157227,0.0,1.0,2.3117456436157227
1,1,16,00016_seed_00001,3,3.462066650390625,3.462066650390625,0.0,1.0,3.462066650390625
1,1,16,00016_seed_00001,4,4.608624458312988,4.608624458312988,0.0,1.0,4.608624458312988
1,1,16,00016_seed_00001,5,5.751380920410156,5.751380920410156,0.0,1.0,5.751380920410156
1,1,16,00016_seed_00001,6,6.890281677246094,6.890281677246094,0.0,1.0,6.890281677246094
1,1,16,00016_seed_00001,7,8.025287628173828,8.025287628173828,0.0,1.0,8.025287628173828
1,1,17,00017_seed_00001,0,0.0,0.0,0.0,0,0.0
1,1,17,00017_seed_00001,1,1.0032497644424438,1.0032497644424438,0.0,1.0,1.0032497644424438
1,1,17,00017_seed_00001,2,2.005715847015381,2.005715847015381,0.0,1.0,2.005715847015381
1,1,17,00017_seed_00001,3,3.0073957443237305,3.0073957443237305,0.0,1.0,3.0073957443237305
1,1,17,00017_seed_00001,4,4.008280277252197,4.008280277252197,0.0,1.0,4.008280277252197
1,1,17,00017_seed_00001,5,5.008363723754883,5.008363723754883,0.0,1.0,5.008363723754883
1,1,17,00017_seed_00001,6,6.007636070251465,6.007636070251465,0.0,1.0,6.007636070251465
1,1,17,00017_seed_00001,7,7.006101608276367,7.006101608276367,0.0,1.0,7.006101608276367
1,1,18,00018_seed_00001,0,0.0,0.0,0.0,0,0.0
1,1,18,00018_seed_00001,1,1.1711084842681885,1.171108603477478,1.1920928955078125e-07,1.0000001017918418,1.171108603477478
1,1,18,00018_seed_00001,2,2.337986469268799,2.337986469268799,0.0,1.0,2.337986469268799
1,1,18,00018_seed_00001,3,3.5005922317504883,3.5005922317504883,0.0,1.0,3.5005922317504883
1,1,18,00018_seed_00001,4,4.658883094787598,4.658883094787598,0.0,1.0,4.658883094787598
1,1,18,00018_seed_00001,5,5.812807559967041,5.812807559967041,0.0,1.0,5.812807559967041
1,1,18,00018_seed_00001,6,6.9623260498046875,6.962325572967529,-4.76837158203125e-07,0.999999931511803,6.962325572967529
1,1,18,00018_seed_00001,7,8.107392311096191,8.107392311096191,0.0,1.0,8.107392311096191
1,1,19,00019_seed_00001,0,0.0,0.0,0.0,0,0.0
1,1,19,00019_seed_00001,1,1.0637658834457397,1.0637658834457397,0.0,1.0,1.0637658834457397
1,1,19,00019_seed_00001,2,2.125587224960327,2.125587224960327,0.0,1.0,2.125587224960327
1,1,19,00019_seed_00001,3,3.185478925704956,3.185478925704956,0.0,1.0,3.185478925704956
1,1,19,00019_seed_00001,4,4.243452072143555,4.243452072143555,0.0,1.0,4.243452072143555
1,1,19,00019_seed_00001,5,5.29951810836792,5.29951810836792,0.0,1.0,5.29951810836792
1,1,19,00019_seed_00001,6,6.3536906242370605,6.3536906242370605,0.0,1.0,6.3536906242370605
1,1,19,00019_seed_00001,7,7.4059906005859375,7.4059906005859375,0.0,1.0,7.4059906005859375
2,2,20,00020_seed_00001,0,0.0,0.0,0.0,0,0.0
2,2,20,00020_seed_00001,1,1.160393238067627,1.160393238067627,0.0,1.0,1.160393238067627
2,2,20,00020_seed_00001,2,2.3169004917144775,2.3169004917144775,0.0,1.0,2.3169004917144775
2,2,20,00020_seed_00001,3,3.469442129135132,3.469442129135132,0.0,1.0,3.469442129135132
2,2,20,00020_seed_00001,4,4.6179280281066895,4.6179280281066895,0.0,1.0,4.6179280281066895
2,2,20,00020_seed_00001,5,5.762271404266357,5.762271404266357,0.0,1.0,5.762271404266357
2,2,20,00020_seed_00001,6,6.902377605438232,6.902377605438232,0.0,1.0,6.902377605438232
2,2,20,00020_seed_00001,7,8.038167953491211,8.038167953491211,0.0,1.0,8.038167953491211
2,2,21,00021_seed_00001,0,0.0,0.0,0.0,0,0.0
2,2,21,00021_seed_00001,1,0.977812647819519,0.977812647819519,0.0,1.0,0.977812647819519
2,2,21,00021_seed_00001,2,1.954296588897705,1.954296588897705,0.0,1.0,1.954296588897705
2,2,21,00021_seed_00001,3,2.929456949234009,2.929456949234009,0.0,1.0,2.929456949234009
2,2,21,00021_seed_00001,4,3.9032998085021973,3.9032998085021973,0.0,1.0,3.9032998085021973
2,2,21,00021_seed_00001,5,4.875829696655273,4.875829696655273,0.0,1.0,4.875829696655273
2,2,21,00021_seed_00001,6,5.847052574157715,5.847052574157715,0.0,1.0,5.847052574157715
2,2,21,00021_seed_00001,7,6.816973686218262,6.816973686218262,0.0,1.0,6.816973686218262
2,2,22,00022_seed_00001,0,0.0,0.0,0.0,0,0.0
2,2,22,00022_seed_00001,1,0.9493895769119263,0.9493895769119263,0.0,1.0,0.9493895769119263
2,2,22,00022_seed_00001,2,1.8982917070388794,1.8982917070388794,0.0,1.0,1.8982917070388794
2,2,22,00022_seed_00001,3,2.8467159271240234,2.8467159271240234,0.0,1.0,2.8467159271240234
2,2,22,00022_seed_00001,4,3.794675350189209,3.794675350189209,0.0,1.0,3.794675350189209
2,2,22,00022_seed_00001,5,4.74217414855957,4.74217414855957,0.0,1.0,4.74217414855957
2,2,22,00022_seed_00001,6,5.689230918884277,5.689230918884277,0.0,1.0,5.689230918884277
2,2,22,00022_seed_00001,7,6.6358513832092285,6.6358513832092285,0.0,1.0,6.6358513832092285
2,2,23,00023_seed_00001,0,0.0,0.0,0.0,0,0.0
2,2,23,00023_seed_00001,1,1.1793631315231323,1.1793630123138428,-1.1920928955078125e-07,0.9999998989206239,1.1793630123138428
2,2,23,00023_seed_00001,2,2.353315591812134,2.353315591812134,0.0,1.0,2.353315591812134
2,2,23,00023_seed_00001,3,3.521749258041382,3.521749496459961,2.384185791015625e-07,1.000000067698908,3.521749496459961
2,2,23,00023_seed_00001,4,4.684563159942627,4.684563159942627,0.0,1.0,4.684563159942627
2,2,23,00023_seed_00001,5,5.841641902923584,5.841641902923584,0.0,1.0,5.841641902923584
2,2,23,00023_seed_00001,6,6.99288272857666,6.99288272857666,0.0,1.0,6.99288272857666
2,2,23,00023_seed_00001,7,8.13815975189209,8.13815975189209,0.0,1.0,8.13815975189209
2,2,24,00024_seed_00001,0,0.0,0.0,0.0,0,0.0
2,2,24,00024_seed_00001,1,1.0244579315185547,1.0244579315185547,0.0,1.0,1.0244579315185547
2,2,24,00024_seed_00001,2,2.0463473796844482,2.0463476181030273,2.384185791015625e-07,1.0000001165093382,2.0463476181030273
2,2,24,00024_seed_00001,3,3.065664768218994,3.0656650066375732,2.384185791015625e-07,1.0000000777705969,3.0656650066375732
2,2,24,00024_seed_00001,4,4.082409381866455,4.082409381866455,0.0,1.0,4.082409381866455
2,2,24,00024_seed_00001,5,5.096579551696777,5.096579551696777,0.0,1.0,5.096579551696777
2,2,24,00024_seed_00001,6,6.108173370361328,6.108173370361328,0.0,1.0,6.108173370361328
2,2,24,00024_seed_00001,7,7.117181777954102,7.117181777954102,0.0,1.0,7.117181777954102
2,2,25,00025_seed_00001,0,0.0,0.0,0.0,0,0.0
2,2,25,00025_seed_00001,1,0.8964834213256836,0.8964834213256836,0.0,1.0,0.8964834213256836
2,2,25,00025_seed_00001,2,1.7907103300094604,1.790710210800171,-1.1920928955078125e-07,0.999999933429049,1.790710210800171
2,2,25,00025_seed_00001,3,2.6827034950256348,2.6827034950256348,0.0,1.0,2.6827034950256348
2,2,25,00025_seed_00001,4,3.572483539581299,3.572483539581299,0.0,1.0,3.572483539581299
2,2,25,00025_seed_00001,5,4.460073471069336,4.460073471069336,0.0,1.0,4.460073471069336
2,2,25,00025_seed_00001,6,5.345491886138916,5.345491886138916,0.0,1.0,5.345491886138916
2,2,25,00025_seed_00001,7,6.228764533996582,6.228764533996582,0.0,1.0,6.228764533996582
2,2,26,00026_seed_00001,0,0.0,0.0,0.0,0,0.0
2,2,26,00026_seed_00001,1,1.087523102760315,1.087523102760315,0.0,1.0,1.087523102760315
2,2,26,00026_seed_00001,2,2.1717231273651123,2.1717231273651123,0.0,1.0,2.1717231273651123
2,2,26,00026_seed_00001,3,3.2526192665100098,3.2526192665100098,0.0,1.0,3.2526192665100098
2,2,26,00026_seed_00001,4,4.33022403717041,4.330224514007568,4.76837158203125e-07,1.0000001101183573,4.330224514007568
2,2,26,00026_seed_00001,5,5.404544830322266,5.404544830322266,0.0,1.0,5.404544830322266
2,2,26,00026_seed_00001,6,6.475601673126221,6.475601673126221,0.0,1.0,6.475601673126221
2,2,26,00026_seed_00001,7,7.543420791625977,7.543420791625977,0.0,1.0,7.543420791625977
2,2,27,00027_seed_00001,0,0.0,0.0,0.0,0,0.0
2,2,27,00027_seed_00001,1,1.0608068704605103,1.0608068704605103,0.0,1.0,1.0608068704605103
2,2,27,00027_seed_00001,2,2.1179444789886475,2.1179447174072266,2.384185791015625e-07,1.000000112570741,2.1179447174072266
2,2,27,00027_seed_00001,3,3.171383857727051,3.171383857727051,0.0,1.0,3.171383857727051
2,2,27,00027_seed_00001,4,4.221092224121094,4.221092224121094,0.0,1.0,4.221092224121094
2,2,27,00027_seed_00001,5,5.26702880859375,5.26702880859375,0.0,1.0,5.26702880859375
2,2,27,00027_seed_00001,6,6.309164524078369,6.309164524078369,0.0,1.0,6.309164524078369
2,2,27,00027_seed_00001,7,7.347465991973877,7.347465991973877,0.0,1.0,7.347465991973877
2,2,28,00028_seed_00001,0,0.0,0.0,0.0,0,0.0
2,2,28,00028_seed_00001,1,0.8883089423179626,0.8883089423179626,0.0,1.0,0.8883089423179626
2,2,28,00028_seed_00001,2,1.776303768157959,1.776303768157959,0.0,1.0,1.776303768157959
2,2,28,00028_seed_00001,3,2.663991928100586,2.663991928100586,0.0,1.0,2.663991928100586
2,2,28,00028_seed_00001,4,3.5513784885406494,3.5513784885406494,0.0,1.0,3.5513784885406494
2,2,28,00028_seed_00001,5,4.438470840454102,4.438470840454102,0.0,1.0,4.438470840454102
2,2,28,00028_seed_00001,6,5.325272560119629,5.325272560119629,0.0,1.0,5.325272560119629
2,2,28,00028_seed_00001,7,6.211793899536133,6.211793899536133,0.0,1.0,6.211793899536133
2,2,29,00029_seed_00001,0,0.0,0.0,0.0,0,0.0
2,2,29,00029_seed_00001,1,1.1521375179290771,1.1521375179290771,0.0,1.0,1.1521375179290771
2,2,29,00029_seed_00001,2,2.3009448051452637,2.3009448051452637,0.0,1.0,2.3009448051452637
2,2,29,00029_seed_00001,3,3.4463725090026855,3.4463727474212646,2.384185791015625e-07,1.0000000691795732,3.4463727474212646
2,2,29,00029_seed_00001,4,4.588375568389893,4.588375568389893,0.0,1.0,4.588375568389893
2,2,29,00029_seed_00001,5,5.726905822753906,5.7269062995910645,4.76837158203125e-07,1.0000000832626157,5.7269062995910645
2,2,29,00029_seed_00001,6,6.86191463470459,6.86191463470459,0.0,1.0,6.86191463470459
2,2,29,00029_seed_00001,7,7.993345260620117,7.993344783782959,-4.76837158203125e-07,0.9999999403457323,7.993344783782959
3,3,30,00030_seed_00001,0,0.0,0.0,0.0,0,0.0
3,3,30,00030_seed_00001,1,1.1367838382720947,1.1367838382720947,0.0,1.0,1.1367838382720947
3,3,30,00030_seed_00001,2,2.2709898948669434,2.2709898948669434,0.0,1.0,2.2709898948669434
3,3,30,00030_seed_00001,3,3.4025826454162598,3.4025826454162598,0.0,1.0,3.4025826454162598
3,3,30,00030_seed_00001,4,4.53151798248291,4.53151798248291,0.0,1.0,4.53151798248291
3,3,30,00030_seed_00001,5,5.657752990722656,5.657752990722656,0.0,1.0,5.657752990722656
3,3,30,00030_seed_00001,6,6.781244277954102,6.781244277954102,0.0,1.0,6.781244277954102
3,3,30,00030_seed_00001,7,7.901957035064697,7.901957035064697,0.0,1.0,7.901957035064697
3,3,31,00031_seed_00001,0,0.0,0.0,0.0,0,0.0
3,3,31,00031_seed_00001,1,1.1567517518997192,1.1567517518997192,0.0,1.0,1.1567517518997192
3,3,31,00031_seed_00001,2,2.3100056648254395,2.3100056648254395,0.0,1.0,2.3100056648254395
3,3,31,00031_seed_00001,3,3.4597253799438477,3.459725856781006,4.76837158203125e-07,1.0000001378251469,3.459725856781006
3,3,31,00031_seed_00001,4,4.60587215423584,4.60587215423584,0.0,1.0,4.60587215423584
3,3,31,00031_seed_00001,5,5.748415946960449,5.748416423797607,4.76837158203125e-07,1.0000000829510534,5.748416423797607
3,3,31,00031_seed_00001,6,6.887308597564697,6.8873090744018555,4.76837158203125e-07,1.0000000692341793,6.8873090744018555
3,3,31,00031_seed_00001,7,8.022513389587402,8.022514343261719,9.5367431640625e-07,1.0000001188747554,8.022514343261719
3,3,32,00032_seed_00001,0,0.0,0.0,0.0,0,0.0
3,3,32,00032_seed_00001,1,0.961067795753479,0.9610678553581238,5.960464477539063e-08,1.0000000620191885,0.9610678553581238
3,3,32,00032_seed_00001,2,1.9212307929992676,1.9212310314178467,2.384185791015625e-07,1.0000001240967926,1.9212310314178467
3,3,32,00032_seed_00001,3,2.8805041313171387,2.8805041313171387,0.0,1.0,2.8805041313171387
3,3,32,00032_seed_00001,4,3.838900089263916,3.838900089263916,0.0,1.0,3.838900089263916
3,3,32,00032_seed_00001,5,4.79643440246582,4.79643440246582,0.0,1.0,4.79643440246582
3,3,32,00032_seed_00001,6,5.753120422363281,5.753120422363281,0.0,1.0,5.753120422363281
3,3,32,00032_seed_00001,7,6.708975791931152,6.708976745605469,9.5367431640625e-07,1.0000001421490174,6.708976745605469
3,3,33,00033_seed_00001,0,0.0,0.0,0.0,0,0.0
3,3,33,00033_seed_00001,1,1.1684019565582275,1.1684019565582275,0.0,1.0,1.1684019565582275
3,3,33,00033_seed_00001,2,2.3328421115875244,2.3328421115875244,0.0,1.0,2.3328421115875244
3,3,33,00033_seed_00001,3,3.4932098388671875,3.4932098388671875,0.0,1.0,3.4932098388671875
3,3,33,00033_seed_00001,4,4.649394989013672,4.649394989013672,0.0,1.0,4.649394989013672
3,3,33,00033_seed_00001,5,5.801273345947266,5.801273345947266,0.0,1.0,5.801273345947266
3,3,33,00033_seed_00001,6,6.948737621307373,6.948738098144531,4.76837158203125e-07,1.0000000686221273,6.948738098144531
3,3,33,00033_seed_00001,7,8.091665267944336,8.091665267944336,0.0,1.0,8.091665267944336
3,3,34,00034_seed_00001,0,0.0,0.0,0.0,0,0.0
3,3,34,00034_seed_00001,1,1.1022727489471436,1.1022727489471436,0.0,1.0,1.1022727489471436
3,3,34,00034_seed_00001,2,2.202936887741089,2.202937126159668,2.384185791015625e-07,1.000000108227603,2.202937126159668
3,3,34,00034_seed_00001,3,3.3019561767578125,3.3019561767578125,0.0,1.0,3.3019561767578125
3,3,34,00034_seed_00001,4,4.399294853210449,4.399294853210449,0.0,1.0,4.399294853210449
3,3,34,00034_seed_00001,5,5.4949188232421875,5.4949188232421875,0.0,1.0,5.4949188232421875
3,3,34,00034_seed_00001,6,6.588788986206055,6.588788986206055,0.0,1.0,6.588788986206055
3,3,34,00034_seed_00001,7,7.680863380432129,7.680863380432129,0.0,1.0,7.680863380432129
3,3,35,00035_seed_00001,0,0.0,0.0,0.0,0,0.0
3,3,35,00035_seed_00001,1,1.0622022151947021,1.0622022151947021,0.0,1.0,1.0622022151947021
3,3,35,00035_seed_00001,2,2.122945785522461,2.122945785522461,0.0,1.0,2.122945785522461
3,3,35,00035_seed_00001,3,3.18222713470459,3.18222713470459,0.0,1.0,3.18222713470459
3,3,35,00035_seed_00001,4,4.240047454833984,4.240047931671143,4.76837158203125e-07,1.0000001124603353,4.240047931671143
3,3,35,00035_seed_00001,5,5.296398162841797,5.296398162841797,0.0,1.0,5.296398162841797
3,3,35,00035_seed_00001,6,6.351284027099609,6.351284027099609,0.0,1.0,6.351284027099609
3,3,35,00035_seed_00001,7,7.404695987701416,7.404696464538574,4.76837158203125e-07,1.0000000643965883,7.404696464538574
3,3,36,00036_seed_00001,0,0.0,0.0,0.0,0,0.0
3,3,36,00036_seed_00001,1,1.1707433462142944,1.1707433462142944,0.0,1.0,1.1707433462142944
3,3,36,00036_seed_00001,2,2.3359317779541016,2.3359317779541016,0.0,1.0,2.3359317779541016
3,3,36,00036_seed_00001,3,3.4955389499664307,3.4955389499664307,0.0,1.0,3.4955389499664307
3,3,36,00036_seed_00001,4,4.649538516998291,4.649538516998291,0.0,1.0,4.649538516998291
3,3,36,00036_seed_00001,5,5.797916889190674,5.797916889190674,0.0,1.0,5.797916889190674
3,3,36,00036_seed_00001,6,6.940638542175293,6.940638542175293,0.0,1.0,6.940638542175293
3,3,36,00036_seed_00001,7,8.077675819396973,8.077675819396973,0.0,1.0,8.077675819396973
3,3,37,00037_seed_00001,0,0.0,0.0,0.0,0,0.0
3,3,37,00037_seed_00001,1,0.9257470965385437,0.9257470965385437,0.0,1.0,0.9257470965385437
3,3,37,00037_seed_00001,2,1.8497798442840576,1.8497798442840576,0.0,1.0,1.8497798442840576
3,3,37,00037_seed_00001,3,2.7720751762390137,2.7720754146575928,2.384185791015625e-07,1.000000086007256,2.7720754146575928
3,3,37,00037_seed_00001,4,3.692615270614624,3.692615509033203,2.384185791015625e-07,1.00000006456632,3.692615509033203
3,3,37,00037_seed_00001,5,4.61138391494751,4.611384391784668,4.76837158203125e-07,1.0000001034043504,4.611384391784668
3,3,37,00037_seed_00001,6,5.528358459472656,5.528358459472656,0.0,1.0,5.528358459472656
3,3,37,00037_seed_00001,7,6.443508148193359,6.443508148193359,0.0,1.0,6.443508148193359
3,3,38,00038_seed_00001,0,0.0,0.0,0.0,0,0.0
3,3,38,00038_seed_00001,1,1.006095051765442,1.006095051765442,0.0,1.0,1.006095051765442
3,3,38,00038_seed_00001,2,2.0100135803222656,2.0100135803222656,0.0,1.0,2.0100135803222656
3,3,38,00038_seed_00001,3,3.0117907524108887,3.0117907524108887,0.0,1.0,3.0117907524108887
3,3,38,00038_seed_00001,4,4.011457443237305,4.011457443237305,0.0,1.0,4.011457443237305
3,3,38,00038_seed_00001,5,5.009041786193848,5.009042263031006,4.76837158203125e-07,1.0000000951952845,5.009042263031006
3,3,38,00038_seed_00001,6,6.004580497741699,6.004580497741699,0.0,1.0,6.004580497741699
3,3,38,00038_seed_00001,7,6.998114585876465,6.998114585876465,0.0,1.0,6.998114585876465
3,3,39,00039_seed_00001,0,0.0,0.0,0.0,0,0.0
3,3,39,00039_seed_00001,1,1.1575965881347656,1.1575965881347656,0.0,1.0,1.1575965881347656
3,3,39,00039_seed_00001,2,2.3107738494873047,2.3107738494873047,0.0,1.0,2.3107738494873047
3,3,39,00039_seed_00001,3,3.4595401287078857,3.4595401287078857,0.0,1.0,3.4595401287078857
3,3,39,00039_seed_00001,4,4.603893280029297,4.603893280029297,0.0,1.0,4.603893280029297
3,3,39,00039_seed_00001,5,5.743847846984863,5.74384880065918,9.5367431640625e-07,1.0000001660340492,5.74384880065918
3,3,39,00039_seed_00001,6,6.879398345947266,6.879398822784424,4.76837158203125e-07,1.000000069313788,6.879398822784424
3,3,39,00039_seed_00001,7,8.0105619430542,8.0105619430542,0.0,1.0,8.0105619430542
4,4,40,00040_seed_00001,0,0.0,0.0,0.0,0,0.0
4,4,40,00040_seed_00001,1,0.9320601224899292,0.9320601224899292,0.0,1.0,0.9320601224899292
4,4,40,00040_seed_00001,2,1.862851858139038,1.862851858139038,0.0,1.0,1.862851858139038
4,4,40,00040_seed_00001,3,2.792393207550049,2.792393207550049,0.0,1.0,2.792393207550049
4,4,40,00040_seed_00001,4,3.720712661743164,3.720712661743164,0.0,1.0,3.720712661743164
4,4,40,00040_seed_00001,5,4.647826194763184,4.647826194763184,0.0,1.0,4.647826194763184
4,4,40,00040_seed_00001,6,5.573765754699707,5.573765754699707,0.0,1.0,5.573765754699707
4,4,40,00040_seed_00001,7,6.498540878295898,6.498540878295898,0.0,1.0,6.498540878295898
4,4,41,00041_seed_00001,0,0.0,0.0,0.0,0,0.0
4,4,41,00041_seed_00001,1,1.0586540699005127,1.0586540699005127,0.0,1.0,1.0586540699005127
4,4,41,00041_seed_00001,2,2.113410472869873,2.113410472869873,0.0,1.0,2.113410472869873
4,4,41,00041_seed_00001,3,3.164260149002075,3.164260149002075,0.0,1.0,3.164260149002075
4,4,41,00041_seed_00001,4,4.211198329925537,4.211197853088379,-4.76837158203125e-07,0.9999998867692469,4.211197853088379
4,4,41,00041_seed_00001,5,5.254208087921143,5.254208087921143,0.0,1.0,5.254208087921143
4,4,41,00041_seed_00001,6,6.293288230895996,6.293288230895996,0.0,1.0,6.293288230895996
4,4,41,00041_seed_00001,7,7.328423500061035,7.328423500061035,0.0,1.0,7.328423500061035
4,4,42,00042_seed_00001,0,0.0,0.0,0.0,0,0.0
4,4,42,00042_seed_00001,1,1.1611700057983398,1.1611700057983398,0.0,1.0,1.1611700057983398
4,4,42,00042_seed_00001,2,2.3178510665893555,2.3178513050079346,2.384185791015625e-07,1.0000001028619063,2.3178513050079346
4,4,42,00042_seed_00001,3,3.4700450897216797,3.4700450897216797,0.0,1.0,3.4700450897216797
4,4,42,00042_seed_00001,4,4.6177520751953125,4.6177520751953125,0.0,1.0,4.6177520751953125
4,4,42,00042_seed_00001,5,5.760974884033203,5.760974884033203,0.0,1.0,5.760974884033203
4,4,42,00042_seed_00001,6,6.899713516235352,6.899713516235352,0.0,1.0,6.899713516235352
4,4,42,00042_seed_00001,7,8.033971786499023,8.033971786499023,0.0,1.0,8.033971786499023
4,4,43,00043_seed_00001,0,0.0,0.0,0.0,0,0.0
4,4,43,00043_seed_00001,1,0.9537922143936157,0.9537922143936157,0.0,1.0,0.9537922143936157
4,4,43,00043_seed_00001,2,1.9054300785064697,1.9054300785064697,0.0,1.0,1.9054300785064697
4,4,43,00043_seed_00001,3,2.854930877685547,2.854930877685547,0.0,1.0,2.854930877685547
4,4,43,00043_seed_00001,4,3.8023180961608887,3.8023180961608887,0.0,1.0,3.8023180961608887
4,4,43,00043_seed_00001,5,4.747617244720459,4.747617721557617,4.76837158203125e-07,1.0000001004371528,4.747617721557617
4,4,43,00043_seed_00001,6,5.690849304199219,5.690849304199219,0.0,1.0,5.690849304199219
4,4,43,00043_seed_00001,7,6.632025718688965,6.632025718688965,0.0,1.0,6.632025718688965
4,4,44,00044_seed_00001,0,0.0,0.0,0.0,0,0.0
4,4,44,00044_seed_00001,1,1.1211419105529785,1.1211419105529785,0.0,1.0,1.1211419105529785
4,4,44,00044_seed_00001,2,2.239487886428833,2.239487886428833,0.0,1.0,2.239487886428833
4,4,44,00044_seed_00001,3,3.355015516281128,3.355015516281128,0.0,1.0,3.355015516281128
4,4,44,00044_seed_00001,4,4.467695236206055,4.467695713043213,4.76837158203125e-07,1.0000001067300102,4.467695713043213
4,4,44,00044_seed_00001,5,5.577506065368652,5.577507019042969,9.5367431640625e-07,1.0000001709857964,5.577507019042969
4,4,44,00044_seed_00001,6,6.684415817260742,6.684415817260742,0.0,1.0,6.684415817260742
4,4,44,00044_seed_00001,7,7.7884063720703125,7.788407325744629,9.5367431640625e-07,1.00000012244794,7.788407325744629
4,4,45,00045_seed_00001,0,0.0,0.0,0.0,0,0.0
4,4,45,00045_seed_00001,1,0.8772155046463013,0.8772155046463013,0.0,1.0,0.8772155046463013
4,4,45,00045_seed_00001,2,1.755183458328247,1.755183458328247,0.0,1.0,1.755183458328247
4,4,45,00045_seed_00001,3,2.6339144706726074,2.6339144706726074,0.0,1.0,2.6339144706726074
4,4,45,00045_seed_00001,4,3.5134172439575195,3.5134177207946777,4.76837158203125e-07,1.0000001357189099,3.5134177207946777
4,4,45,00045_seed_00001,5,4.393704414367676,4.393704414367676,0.0,1.0,4.393704414367676
4,4,45,00045_seed_00001,6,5.274783134460449,5.274783134460449,0.0,1.0,5.274783134460449
4,4,45,00045_seed_00001,7,6.156668663024902,6.156668663024902,0.0,1.0,6.156668663024902
4,4,46,00046_seed_00001,0,0.0,0.0,0.0,0,0.0
4,4,46,00046_seed_00001,1,1.0608035326004028,1.0608036518096924,1.1920928955078125e-07,1.000000112376407,1.0608036518096924
4,4,46,00046_seed_00001,2,2.1203510761260986,2.1203510761260986,0.0,1.0,2.1203510761260986
4,4,46,00046_seed_00001,3,3.1786444187164307,3.1786444187164307,0.0,1.0,3.1786444187164307
4,4,46,00046_seed_00001,4,4.235678672790527,4.235678672790527,0.0,1.0,4.235678672790527
4,4,46,00046_seed_00001,5,5.2914605140686035,5.2914605140686035,0.0,1.0,5.2914605140686035
4,4,46,00046_seed_00001,6,6.345980644226074,6.345980644226074,0.0,1.0,6.345980644226074
4,4,46,00046_seed_00001,7,7.399246692657471,7.399246692657471,0.0,1.0,7.399246692657471
4,4,47,00047_seed_00001,0,0.0,0.0,0.0,0,0.0
4,4,47,00047_seed_00001,1,1.1640408039093018,1.1640408039093018,0.0,1.0,1.1640408039093018
4,4,47,00047_seed_00001,2,2.323472261428833,2.323472261428833,0.0,1.0,2.323472261428833
4,4,47,00047_seed_00001,3,3.4782609939575195,3.4782609939575195,0.0,1.0,3.4782609939575195
4,4,47,00047_seed_00001,4,4.628376007080078,4.628376007080078,0.0,1.0,4.628376007080078
4,4,47,00047_seed_00001,5,5.773778915405273,5.77377986907959,9.5367431640625e-07,1.0000001651733346,5.77377986907959
4,4,47,00047_seed_00001,6,6.914440155029297,6.914440631866455,4.76837158203125e-07,1.0000000689625115,6.914440631866455
4,4,47,00047_seed_00001,7,8.05031967163086,8.050320625305176,9.5367431640625e-07,1.000000118464155,8.050320625305176
4,4,48,00048_seed_00001,0,0.0,0.0,0.0,0,0.0
4,4,48,00048_seed_00001,1,1.02693510055542,1.0269352197647095,1.1920928955078125e-07,1.0000001160825933,1.0269352197647095
4,4,48,00048_seed_00001,2,2.0506491661071777,2.0506491661071777,0.0,1.0,2.0506491661071777
4,4,48,00048_seed_00001,3,3.0711426734924316,3.0711426734924316,0.0,1.0,3.0711426734924316
4,4,48,00048_seed_00001,4,4.08841609954834,4.08841609954834,0.0,1.0,4.08841609954834
4,4,48,00048_seed_00001,5,5.102479934692383,5.102479934692383,0.0,1.0,5.102479934692383
4,4,48,00048_seed_00001,6,6.11332893371582,6.11332893371582,0.0,1.0,6.11332893371582
4,4,48,00048_seed_00001,7,7.1209635734558105,7.120964050292969,4.76837158203125e-07,1.0000000669624487,7.120964050292969
4,4,49,00049_seed_00001,0,0.0,0.0,0.0,0,0.0
4,4,49,00049_seed_00001,1,1.1785811185836792,1.1785812377929688,1.1920928955078125e-07,1.0000001011464443,1.1785812377929688
4,4,49,00049_seed_00001,2,2.352180242538452,2.352180242538452,0.0,1.0,2.352180242538452
4,4,49,00049_seed_00001,3,3.520737886428833,3.520737886428833,0.0,1.0,3.520737886428833
4,4,49,00049_seed_00001,4,4.684187412261963,4.684187412261963,0.0,1.0,4.684187412261963
4,4,49,00049_seed_00001,5,5.842465400695801,5.842464923858643,-4.76837158203125e-07,0.9999999183842564,5.842464923858643
4,4,49,00049_seed_00001,6,6.995501518249512,6.995501518249512,0.0,1.0,6.995501518249512
4,4,49,00049_seed_00001,7,8.143237113952637,8.143237113952637,0.0,1.0,8.143237113952637
