dataset_idx,dataset_name,traj_idx,traj_name,frame_idx,clean_target_mean_partial_rms,adv_target_mean_partial_rms,adv_delta_target_mean_partial_rms,adv_ratio_target_mean_partial_rms,adv_delta_ratio_target_mean_partial_rms
0,0,0,00000_seed_00001,0,0.0,0.0,0.0,0,0.0
0,0,0,00000_seed_00001,1,0.4156911075115204,0.4156911075115204,0.0,1.0,0.4156911075115204
0,0,0,00000_seed_00001,2,0.8313724398612976,0.8313724398612976,0.0,1.0,0.8313724398612976
0,0,0,00000_seed_00001,3,1.2470674514770508,1.2470674514770508,0.0,1.0,1.2470674514770508
0,0,0,00000_seed_00001,4,1.6627992391586304,1.66279935836792,1.1920928955078125e-07,1.0000000716919317,1.66279935836792
0,0,0,00000_seed_00001,5,2.078592300415039,2.078592300415039,0.0,1.0,2.078592300415039
0,0,0,00000_seed_00001,6,2.494469165802002,2.494469165802002,0.0,1.0,2.494469165802002
0,0,0,00000_seed_00001,7,2.910456657409668,2.910456895828247,2.384185791015625e-07,1.000000081917928,2.910456895828247
0,0,1,00001_seed_00001,0,0.0,0.0,0.0,0,0.0
0,0,1,00001_seed_00001,1,0.4017898440361023,0.4017898440361023,0.0,1.0,0.4017898440361023
0,0,1,00001_seed_00001,2,0.803350031375885,0.803350031375885,0.0,1.0,0.803350031375885
0,0,1,00001_seed_00001,3,1.2047028541564941,1.2047029733657837,1.1920928955078125e-07,1.0000000989532722,1.2047029733657837
0,0,1,00001_seed_00001,4,1.6058707237243652,1.6058707237243652,0.0,1.0,1.6058707237243652
0,0,1,00001_seed_00001,5,2.0068724155426025,2.0068724155426025,0.0,1.0,2.0068724155426025
0,0,1,00001_seed_00001,6,2.40773344039917,2.40773344039917,0.0,1.0,2.40773344039917
0,0,1,00001_seed_00001,7,2.808476686477661,2.808476686477661,0.0,1.0,2.808476686477661
0,0,2,00002_seed_00001,0,0.0,0.0,0.0,0,0.0
0,0,2,00002_seed_00001,1,0.4131906032562256,0.413190633058548,2.9802322387695312e-08,1.0000000721272995,0.413190633058548
0,0,2,00002_seed_00001,2,0.8261806964874268,0.8261806964874268,0.0,1.0,0.8261806964874268
0,0,2,00002_seed_00001,3,1.2389878034591675,1.2389878034591675,0.0,1.0,1.2389878034591675
0,0,2,00002_seed_00001,4,1.65162992477417,1.6516300439834595,1.1920928955078125e-07,1.0000000721767557,1.6516300439834595
0,0,2,00002_seed_00001,5,2.064124345779419,2.064124345779419,0.0,1.0,2.064124345779419
0,0,2,00002_seed_00001,6,2.476489782333374,2.476489782333374,0.0,1.0,2.476489782333374
0,0,2,00002_seed_00001,7,2.888744592666626,2.888744592666626,0.0,1.0,2.888744592666626
0,0,3,00003_seed_00001,0,0.0,0.0,0.0,0,0.0
0,0,3,00003_seed_00001,1,0.39275091886520386,0.39275091886520386,0.0,1.0,0.39275091886520386
0,0,3,00003_seed_00001,2,0.7849796414375305,0.7849796414375305,0.0,1.0,0.7849796414375305
0,0,3,00003_seed_00001,3,1.1767011880874634,1.1767011880874634,0.0,1.0,1.1767011880874634
0,0,3,00003_seed_00001,4,1.567929744720459,1.567929744720459,0.0,1.0,1.567929744720459
0,0,3,00003_seed_00001,5,1.958678126335144,1.958678126335144,0.0,1.0,1.958678126335144
0,0,3,00003_seed_00001,6,2.348961353302002,2.348961353302002,0.0,1.0,2.348961353302002
0,0,3,00003_seed_00001,7,2.7387912273406982,2.7387912273406982,0.0,1.0,2.7387912273406982
0,0,4,00004_seed_00001,0,0.0,0.0,0.0,0,0.0
0,0,4,00004_seed_00001,1,0.4369029402732849,0.43690285086631775,-8.940696716308594e-08,0.9999997953619467,0.43690285086631775
0,0,4,00004_seed_00001,2,0.8726301193237305,0.8726301193237305,0.0,1.0,0.8726301193237305
0,0,4,00004_seed_00001,3,1.307192087173462,1.307192087173462,0.0,1.0,1.307192087173462
0,0,4,00004_seed_00001,4,1.7406046390533447,1.7406046390533447,0.0,1.0,1.7406046390533447
0,0,4,00004_seed_00001,5,2.172877550125122,2.172877788543701,2.384185791015625e-07,1.0000001097248112,2.172877788543701
0,0,4,00004_seed_00001,6,2.6040287017822266,2.6040287017822266,0.0,1.0,2.6040287017822266
0,0,4,00004_seed_00001,7,3.034064531326294,3.034064769744873,2.384185791015625e-07,1.0000000785805894,3.034064769744873
0,0,5,00005_seed_00001,0,0.0,0.0,0.0,0,0.0
0,0,5,00005_seed_00001,1,0.4140784740447998,0.4140785038471222,2.9802322387695312e-08,1.0000000719726434,0.4140785038471222
0,0,5,00005_seed_00001,2,0.8248438835144043,0.8248438835144043,0.0,1.0,0.8248438835144043
0,0,5,00005_seed_00001,3,1.2322723865509033,1.2322723865509033,0.0,1.0,1.2322723865509033
0,0,5,00005_seed_00001,4,1.636339545249939,1.6363396644592285,1.1920928955078125e-07,1.000000072851194,1.6363396644592285
0,0,5,00005_seed_00001,5,2.0370242595672607,2.0370242595672607,0.0,1.0,2.0370242595672607
0,0,5,00005_seed_00001,6,2.4342989921569824,2.4342989921569824,0.0,1.0,2.4342989921569824
0,0,5,00005_seed_00001,7,2.828136682510376,2.828136682510376,0.0,1.0,2.828136682510376
0,0,6,00006_seed_00001,0,0.0,0.0,0.0,0,0.0
0,0,6,00006_seed_00001,1,0.4151453673839569,0.4151453673839569,0.0,1.0,0.4151453673839569
0,0,6,00006_seed_00001,2,0.8275726437568665,0.8275726437568665,0.0,1.0,0.8275726437568665
0,0,6,00006_seed_00001,3,1.2371997833251953,1.2371997833251953,0.0,1.0,1.2371997833251953
0,0,6,00006_seed_00001,4,1.6439414024353027,1.6439414024353027,0.0,1.0,1.6439414024353027
0,0,6,00006_seed_00001,5,2.047708749771118,2.047708749771118,0.0,1.0,2.047708749771118
0,0,6,00006_seed_00001,6,2.4484124183654785,2.4484124183654785,0.0,1.0,2.4484124183654785
0,0,6,00006_seed_00001,7,2.845961332321167,2.845961570739746,2.384185791015625e-07,1.0000000837743563,2.845961570739746
0,0,7,00007_seed_00001,0,0.0,0.0,0.0,0,0.0
0,0,7,00007_seed_00001,1,0.3884584307670593,0.3884584307670593,0.0,1.0,0.3884584307670593
0,0,7,00007_seed_00001,2,0.7719051837921143,0.7719051837921143,0.0,1.0,0.7719051837921143
0,0,7,00007_seed_00001,3,1.1502643823623657,1.1502643823623657,0.0,1.0,1.1502643823623657
0,0,7,00007_seed_00001,4,1.5234557390213013,1.5234558582305908,1.1920928955078125e-07,1.0000000782492635,1.5234558582305908
0,0,7,00007_seed_00001,5,1.8913984298706055,1.891398549079895,1.1920928955078125e-07,1.0000000630270638,1.891398549079895
0,0,7,00007_seed_00001,6,2.254009246826172,2.254009246826172,0.0,1.0,2.254009246826172
0,0,7,00007_seed_00001,7,2.611206531524658,2.611206531524658,0.0,1.0,2.611206531524658
0,0,8,00008_seed_00001,0,0.0,0.0,0.0,0,0.0
0,0,8,00008_seed_00001,1,0.41953563690185547,0.41953563690185547,0.0,1.0,0.41953563690185547
0,0,8,00008_seed_00001,2,0.8385605812072754,0.8385605812072754,0.0,1.0,0.8385605812072754
0,0,8,00008_seed_00001,3,1.2570831775665283,1.2570831775665283,0.0,1.0,1.2570831775665283
0,0,8,00008_seed_00001,4,1.675112009048462,1.675112009048462,0.0,1.0,1.675112009048462
0,0,8,00008_seed_00001,5,2.0926554203033447,2.0926554203033447,0.0,1.0,2.0926554203033447
0,0,8,00008_seed_00001,6,2.5097222328186035,2.5097224712371826,2.384185791015625e-07,1.0000000949979946,2.5097224712371826
0,0,8,00008_seed_00001,7,2.9263219833374023,2.9263219833374023,0.0,1.0,2.9263219833374023
0,0,9,00009_seed_00001,0,0.0,0.0,0.0,0,0.0
0,0,9,00009_seed_00001,1,0.41685715317726135,0.41685718297958374,2.9802322387695312e-08,1.0000000714928894,0.41685718297958374
0,0,9,00009_seed_00001,2,0.8336257934570312,0.8336257934570312,0.0,1.0,0.8336257934570312
0,0,9,00009_seed_00001,3,1.250295639038086,1.250295639038086,0.0,1.0,1.250295639038086
0,0,9,00009_seed_00001,4,1.666852355003357,1.666852355003357,0.0,1.0,1.666852355003357
0,0,9,00009_seed_00001,5,2.0832793712615967,2.0832793712615967,0.0,1.0,2.0832793712615967
0,0,9,00009_seed_00001,6,2.4995644092559814,2.4995644092559814,0.0,1.0,2.4995644092559814
0,0,9,00009_seed_00001,7,2.915698289871216,2.915698289871216,0.0,1.0,2.915698289871216
1,1,10,00010_seed_00001,0,0.0,0.0,0.0,0,0.0
1,1,10,00010_seed_00001,1,0.4178716242313385,0.4178716242313385,0.0,1.0,0.4178716242313385
1,1,10,00010_seed_00001,2,0.835092306137085,0.835092306137085,0.0,1.0,0.835092306137085
1,1,10,00010_seed_00001,3,1.2516722679138184,1.2516722679138184,0.0,1.0,1.2516722679138184
1,1,10,00010_seed_00001,4,1.6676216125488281,1.6676217317581177,1.1920928955078125e-07,1.0000000714846153,1.6676217317581177
1,1,10,00010_seed_00001,5,2.0829505920410156,2.0829508304595947,2.384185791015625e-07,1.0000001144619464,2.0829508304595947
1,1,10,00010_seed_00001,6,2.4976699352264404,2.4976701736450195,2.384185791015625e-07,1.0000000954563995,2.4976701736450195
1,1,10,00010_seed_00001,7,2.911789894104004,2.911789894104004,0.0,1.0,2.911789894104004
1,1,11,00011_seed_00001,0,0.0,0.0,0.0,0,0.0
1,1,11,00011_seed_00001,1,0.4199414551258087,0.4199414551258087,0.0,1.0,0.4199414551258087
1,1,11,00011_seed_00001,2,0.8370162844657898,0.8370162844657898,0.0,1.0,0.8370162844657898
1,1,11,00011_seed_00001,3,1.2512282133102417,1.2512282133102417,0.0,1.0,1.2512282133102417
1,1,11,00011_seed_00001,4,1.6625779867172241,1.6625781059265137,1.1920928955078125e-07,1.0000000717014723,1.6625781059265137
1,1,11,00011_seed_00001,5,2.0710690021514893,2.0710690021514893,0.0,1.0,2.0710690021514893
1,1,11,00011_seed_00001,6,2.4767017364501953,2.4767017364501953,0.0,1.0,2.4767017364501953
1,1,11,00011_seed_00001,7,2.879483699798584,2.879483699798584,0.0,1.0,2.879483699798584
1,1,12,00012_seed_00001,0,0.0,0.0,0.0,0,0.0
1,1,12,00012_seed_00001,1,0.4301902651786804,0.43019023537635803,-2.9802322387695312e-08,0.999999930722927,0.43019023537635803
1,1,12,00012_seed_00001,2,0.8598963618278503,0.8598963618278503,0.0,1.0,0.8598963618278503
1,1,12,00012_seed_00001,3,1.2891241312026978,1.2891240119934082,-1.1920928955078125e-07,0.9999999075269117,1.2891240119934082
1,1,12,00012_seed_00001,4,1.7178797721862793,1.7178797721862793,0.0,1.0,1.7178797721862793
1,1,12,00012_seed_00001,5,2.146165609359741,2.146165609359741,0.0,1.0,2.146165609359741
1,1,12,00012_seed_00001,6,2.5739905834198,2.5739905834198,0.0,1.0,2.5739905834198
1,1,12,00012_seed_00001,7,3.0013606548309326,3.0013606548309326,0.0,1.0,3.0013606548309326
1,1,13,00013_seed_00001,0,0.0,0.0,0.0,0,0.0
1,1,13,00013_seed_00001,1,0.4026672840118408,0.4026672840118408,0.0,1.0,0.4026672840118408
1,1,13,00013_seed_00001,2,0.8009465336799622,0.8009465336799622,0.0,1.0,0.8009465336799622
1,1,13,00013_seed_00001,3,1.194777011871338,1.1947771310806274,1.1920928955078125e-07,1.0000000997753458,1.1947771310806274
1,1,13,00013_seed_00001,4,1.5840953588485718,1.5840957164764404,3.5762786865234375e-07,1.0000002257615785,1.5840957164764404
1,1,13,00013_seed_00001,5,1.9688420295715332,1.9688420295715332,0.0,1.0,1.9688420295715332
1,1,13,00013_seed_00001,6,2.348947763442993,2.3489480018615723,2.384185791015625e-07,1.0000001015001623,2.3489480018615723
1,1,13,00013_seed_00001,7,2.7243475914001465,2.7243475914001465,0.0,1.0,2.7243475914001465
1,1,14,00014_seed_00001,0,0.0,0.0,0.0,0,0.0
1,1,14,00014_seed_00001,1,0.41759195923805237,0.41759195923805237,0.0,1.0,0.41759195923805237
1,1,14,00014_seed_00001,2,0.8327539563179016,0.8327540755271912,1.1920928955078125e-07,1.0000001431506733,0.8327540755271912
1,1,14,00014_seed_00001,3,1.2454683780670166,1.2454683780670166,0.0,1.0,1.2454683780670166
1,1,14,00014_seed_00001,4,1.6557210683822632,1.6557210683822632,0.0,1.0,1.6557210683822632
1,1,14,00014_seed_00001,5,2.0634918212890625,2.0634920597076416,2.384185791015625e-07,1.000000115541325,2.0634920597076416
1,1,14,00014_seed_00001,6,2.46876859664917,2.46876859664917,0.0,1.0,2.46876859664917
1,1,14,00014_seed_00001,7,2.871525764465332,2.871525764465332,0.0,1.0,2.871525764465332
1,1,15,00015_seed_00001,0,0.0,0.0,0.0,0,0.0
1,1,15,00015_seed_00001,1,0.42715150117874146,0.42715150117874146,0.0,1.0,0.42715150117874146
1,1,15,00015_seed_00001,2,0.853287935256958,0.853287935256958,0.0,1.0,0.853287935256958
1,1,15,00015_seed_00001,3,1.2784335613250732,1.2784335613250732,0.0,1.0,1.2784335613250732
1,1,15,00015_seed_00001,4,1.7026170492172241,1.7026171684265137,1.1920928955078125e-07,1.000000070015327,1.7026171684265137
1,1,15,00015_seed_00001,5,2.1258633136749268,2.1258633136749268,0.0,1.0,2.1258633136749268
1,1,15,00015_seed_00001,6,2.5482029914855957,2.5482029914855957,0.0,1.0,2.5482029914855957
1,1,15,00015_seed_00001,7,2.969658851623535,2.9696590900421143,2.384185791015625e-07,1.0000000802848377,2.9696590900421143
1,1,16,00016_seed_00001,0,0.0,0.0,0.0,0,0.0
1,1,16,00016_seed_00001,1,0.4207475483417511,0.4207475483417511,0.0,1.0,0.4207475483417511
1,1,16,00016_seed_00001,2,0.8384494185447693,0.8384494185447693,0.0,1.0,0.8384494185447693
1,1,16,00016_seed_00001,3,1.253065586090088,1.253065586090088,0.0,1.0,1.253065586090088
1,1,16,00016_seed_00001,4,1.664552092552185,1.664552092552185,0.0,1.0,1.664552092552185
1,1,16,00016_seed_00001,5,2.072869300842285,2.072869300842285,0.0,1.0,2.072869300842285
1,1,16,00016_seed_00001,6,2.4779694080352783,2.4779694080352783,0.0,1.0,2.4779694080352783
1,1,16,00016_seed_00001,7,2.879810094833374,2.879810094833374,0.0,1.0,2.879810094833374
1,1,17,00017_seed_00001,0,0.0,0.0,0.0,0,0.0
1,1,17,00017_seed_00001,1,0.41303393244743347,0.41303393244743347,0.0,1.0,0.41303393244743347
1,1,17,00017_seed_00001,2,0.8255348801612854,0.8255348801612854,0.0,1.0,0.8255348801612854
1,1,17,00017_seed_00001,3,1.2374989986419678,1.2374989986419678,0.0,1.0,1.2374989986419678
1,1,17,00017_seed_00001,4,1.648919939994812,1.6489200592041016,1.1920928955078125e-07,1.0000000722953775,1.6489200592041016
1,1,17,00017_seed_00001,5,2.0597925186157227,2.0597925186157227,0.0,1.0,2.0597925186157227
1,1,17,00017_seed_00001,6,2.4701099395751953,2.4701099395751953,0.0,1.0,2.4701099395751953
1,1,17,00017_seed_00001,7,2.8798701763153076,2.8798701763153076,0.0,1.0,2.8798701763153076
1,1,18,00018_seed_00001,0,0.0,0.0,0.0,0,0.0
1,1,18,00018_seed_00001,1,0.4172742962837219,0.4172743260860443,2.9802322387695312e-08,1.000000071421419,0.4172743260860443
1,1,18,00018_seed_00001,2,0.8311442732810974,0.8311442732810974,0.0,1.0,0.8311442732810974
1,1,18,00018_seed_00001,3,1.2415697574615479,1.2415697574615479,0.0,1.0,1.2415697574615479
1,1,18,00018_seed_00001,4,1.6485087871551514,1.6485087871551514,0.0,1.0,1.6485087871551514
1,1,18,00018_seed_00001,5,2.0519165992736816,2.0519168376922607,2.384185791015625e-07,1.0000001161931138,2.0519168376922607
1,1,18,00018_seed_00001,6,2.451751232147217,2.451751470565796,2.384185791015625e-07,1.0000000972441967,2.451751470565796
1,1,18,00018_seed_00001,7,2.847968816757202,2.8479690551757812,2.384185791015625e-07,1.0000000837153054,2.8479690551757812
1,1,19,00019_seed_00001,0,0.0,0.0,0.0,0,0.0
1,1,19,00019_seed_00001,1,0.4347592294216156,0.4347592294216156,0.0,1.0,0.4347592294216156
1,1,19,00019_seed_00001,2,0.868670642375946,0.868670642375946,0.0,1.0,0.868670642375946
1,1,19,00019_seed_00001,3,1.3017468452453613,1.3017469644546509,1.1920928955078125e-07,1.0000000915763998,1.3017469644546509
1,1,19,00019_seed_00001,4,1.7339997291564941,1.7339998483657837,1.1920928955078125e-07,1.0000000687481592,1.7339998483657837
1,1,19,00019_seed_00001,5,2.1654412746429443,2.1654412746429443,0.0,1.0,2.1654412746429443
1,1,19,00019_seed_00001,6,2.5960841178894043,2.5960841178894043,0.0,1.0,2.5960841178894043
1,1,19,00019_seed_00001,7,3.0259439945220947,3.025944232940674,2.384185791015625e-07,1.0000000787914711,3.025944232940674
2,2,20,00020_seed_00001,0,0.0,0.0,0.0,0,0.0
2,2,20,00020_seed_00001,1,0.40142491459846497,0.40142491459846497,0.0,1.0,0.40142491459846497
2,2,20,00020_seed_00001,2,0.7989447712898254,0.7989447712898254,0.0,1.0,0.7989447712898254
2,2,20,00020_seed_00001,3,1.192481279373169,1.192481279373169,0.0,1.0,1.192481279373169
2,2,20,00020_seed_00001,4,1.5819510221481323,1.5819510221481323,0.0,1.0,1.5819510221481323
2,2,20,00020_seed_00001,5,1.9672702550888062,1.9672702550888062,0.0,1.0,1.9672702550888062
2,2,20,00020_seed_00001,6,2.348351001739502,2.348351240158081,2.384185791015625e-07,1.0000001015259554,2.348351240158081
2,2,20,00020_seed_00001,7,2.725111246109009,2.725111246109009,0.0,1.0,2.725111246109009
2,2,21,00021_seed_00001,0,0.0,0.0,0.0,0,0.0
2,2,21,00021_seed_00001,1,0.4059952199459076,0.40599527955055237,5.960464477539063e-08,1.0000001468111983,0.40599527955055237
2,2,21,00021_seed_00001,2,0.8114709258079529,0.8114709258079529,0.0,1.0,0.8114709258079529
2,2,21,00021_seed_00001,3,1.2164325714111328,1.2164324522018433,-1.1920928955078125e-07,0.9999999020009063,1.2164324522018433
2,2,21,00021_seed_00001,4,1.6208858489990234,1.6208858489990234,0.0,1.0,1.6208858489990234
2,2,21,00021_seed_00001,5,2.024836778640747,2.024836778640747,0.0,1.0,2.024836778640747
2,2,21,00021_seed_00001,6,2.428290843963623,2.428290843963623,0.0,1.0,2.428290843963623
2,2,21,00021_seed_00001,7,2.83125376701355,2.83125376701355,0.0,1.0,2.83125376701355
2,2,22,00022_seed_00001,0,0.0,0.0,0.0,0,0.0
2,2,22,00022_seed_00001,1,0.41263794898986816,0.41263794898986816,0.0,1.0,0.41263794898986816
2,2,22,00022_seed_00001,2,0.8254201412200928,0.825420081615448,-5.960464477539063e-08,0.9999999277887202,0.825420081615448
2,2,22,00022_seed_00001,3,1.238358736038208,1.238358736038208,0.0,1.0,1.238358736038208
2,2,22,00022_seed_00001,4,1.6514675617218018,1.6514676809310913,1.1920928955078125e-07,1.0000000721838518,1.6514676809310913
2,2,22,00022_seed_00001,5,2.0647571086883545,2.0647571086883545,0.0,1.0,2.0647571086883545
2,2,22,00022_seed_00001,6,2.478243350982666,2.478243350982666,0.0,1.0,2.478243350982666
2,2,22,00022_seed_00001,7,2.891937494277954,2.891937494277954,0.0,1.0,2.891937494277954
2,2,23,00023_seed_00001,0,0.0,0.0,0.0,0,0.0
2,2,23,00023_seed_00001,1,0.3916684091091156,0.3916684091091156,0.0,1.0,0.3916684091091156
2,2,23,00023_seed_00001,2,0.77812260389328,0.77812260389328,0.0,1.0,0.77812260389328
2,2,23,00023_seed_00001,3,1.1592581272125244,1.1592581272125244,0.0,1.0,1.1592581272125244
2,2,23,00023_seed_00001,4,1.534972071647644,1.5349719524383545,-1.1920928955078125e-07,0.999999922337812,1.5349719524383545
2,2,23,00023_seed_00001,5,1.9051545858383179,1.9051545858383179,0.0,1.0,1.9051545858383179
2,2,23,00023_seed_00001,6,2.2696988582611084,2.2696988582611084,0.0,1.0,2.2696988582611084
2,2,23,00023_seed_00001,7,2.6284878253936768,2.6284878253936768,0.0,1.0,2.6284878253936768
2,2,24,00024_seed_00001,0,0.0,0.0,0.0,0,0.0
2,2,24,00024_seed_00001,1,0.38736385107040405,0.38736385107040405,0.0,1.0,0.38736385107040405
2,2,24,00024_seed_00001,2,0.7731873393058777,0.7731873989105225,5.960464477539063e-08,1.000000077089525,0.7731873989105225
2,2,24,00024_seed_00001,3,1.1574656963348389,1.1574656963348389,0.0,1.0,1.1574656963348389
2,2,24,00024_seed_00001,4,1.5401954650878906,1.5401954650878906,0.0,1.0,1.5401954650878906
2,2,24,00024_seed_00001,5,1.9213733673095703,1.9213733673095703,0.0,1.0,1.9213733673095703
2,2,24,00024_seed_00001,6,2.300994634628296,2.300994873046875,2.384185791015625e-07,1.0000001036154433,2.300994873046875
2,2,24,00024_seed_00001,7,2.6790521144866943,2.6790521144866943,0.0,1.0,2.6790521144866943
2,2,25,00025_seed_00001,0,0.0,0.0,0.0,0,0.0
2,2,25,00025_seed_00001,1,0.39801710844039917,0.39801710844039917,0.0,1.0,0.39801710844039917
2,2,25,00025_seed_00001,2,0.7958287596702576,0.7958287596702576,0.0,1.0,0.7958287596702576
2,2,25,00025_seed_00001,3,1.1934555768966675,1.1934555768966675,0.0,1.0,1.1934555768966675
2,2,25,00025_seed_00001,4,1.5909168720245361,1.5909168720245361,0.0,1.0,1.5909168720245361
2,2,25,00025_seed_00001,5,1.9882326126098633,1.9882326126098633,0.0,1.0,1.9882326126098633
2,2,25,00025_seed_00001,6,2.3854222297668457,2.3854222297668457,0.0,1.0,2.3854222297668457
2,2,25,00025_seed_00001,7,2.782506227493286,2.782506227493286,0.0,1.0,2.782506227493286
2,2,26,00026_seed_00001,0,0.0,0.0,0.0,0,0.0
2,2,26,00026_seed_00001,1,0.4286520183086395,0.4286520183086395,0.0,1.0,0.4286520183086395
2,2,26,00026_seed_00001,2,0.8558588624000549,0.8558588624000549,0.0,1.0,0.8558588624000549
2,2,26,00026_seed_00001,3,1.2816402912139893,1.2816402912139893,0.0,1.0,1.2816402912139893
2,2,26,00026_seed_00001,4,1.7060140371322632,1.7060140371322632,0.0,1.0,1.7060140371322632
2,2,26,00026_seed_00001,5,2.128995180130005,2.128995180130005,0.0,1.0,2.128995180130005
2,2,26,00026_seed_00001,6,2.550605297088623,2.550605297088623,0.0,1.0,2.550605297088623
2,2,26,00026_seed_00001,7,2.970867156982422,2.970867156982422,0.0,1.0,2.970867156982422
2,2,27,00027_seed_00001,0,0.0,0.0,0.0,0,0.0
2,2,27,00027_seed_00001,1,0.4008796215057373,0.4008796513080597,2.9802322387695312e-08,1.0000000743423232,0.4008796513080597
2,2,27,00027_seed_00001,2,0.79915851354599,0.7991585731506348,5.960464477539063e-08,1.000000074584258,0.7991585731506348
2,2,27,00027_seed_00001,3,1.194801688194275,1.194801688194275,0.0,1.0,1.194801688194275
2,2,27,00027_seed_00001,4,1.5877716541290283,1.5877716541290283,0.0,1.0,1.5877716541290283
2,2,27,00027_seed_00001,5,1.97802734375,1.97802734375,0.0,1.0,1.97802734375
2,2,27,00027_seed_00001,6,2.3655307292938232,2.3655309677124023,2.384185791015625e-07,1.0000001007886206,2.3655309677124023
2,2,27,00027_seed_00001,7,2.750242233276367,2.750242233276367,0.0,1.0,2.750242233276367
2,2,28,00028_seed_00001,0,0.0,0.0,0.0,0,0.0
2,2,28,00028_seed_00001,1,0.39323684573173523,0.39323684573173523,0.0,1.0,0.39323684573173523
2,2,28,00028_seed_00001,2,0.7867321968078613,0.7867321968078613,0.0,1.0,0.7867321968078613
2,2,28,00028_seed_00001,3,1.1804940700531006,1.1804940700531006,0.0,1.0,1.1804940700531006
2,2,28,00028_seed_00001,4,1.5745291709899902,1.5745291709899902,0.0,1.0,1.5745291709899902
2,2,28,00028_seed_00001,5,1.9688453674316406,1.9688453674316406,0.0,1.0,1.9688453674316406
2,2,28,00028_seed_00001,6,2.3634490966796875,2.3634490966796875,0.0,1.0,2.3634490966796875
2,2,28,00028_seed_00001,7,2.7583494186401367,2.7583494186401367,0.0,1.0,2.7583494186401367
2,2,29,00029_seed_00001,0,0.0,0.0,0.0,0,0.0
2,2,29,00029_seed_00001,1,0.42206254601478577,0.42206257581710815,2.9802322387695312e-08,1.0000000706111516,0.42206257581710815
2,2,29,00029_seed_00001,2,0.8412597179412842,0.8412597179412842,0.0,1.0,0.8412597179412842
2,2,29,00029_seed_00001,3,1.2575480937957764,1.2575483322143555,2.384185791015625e-07,1.0000001895900286,1.2575483322143555
2,2,29,00029_seed_00001,4,1.6708855628967285,1.670885682106018,1.1920928955078125e-07,1.0000000713449755,1.670885682106018
2,2,29,00029_seed_00001,5,2.081228256225586,2.081228494644165,2.384185791015625e-07,1.0000001145566704,2.081228494644165
2,2,29,00029_seed_00001,6,2.4885311126708984,2.4885313510894775,2.384185791015625e-07,1.0000000958069513,2.4885313510894775
2,2,29,00029_seed_00001,7,2.892744541168213,2.892744779586792,2.384185791015625e-07,1.000000082419507,2.892744779586792
3,3,30,00030_seed_00001,0,0.0,0.0,0.0,0,0.0
3,3,30,00030_seed_00001,1,0.4306071698665619,0.43060725927352905,8.940696716308594e-08,1.0000002076300012,0.43060725927352905
3,3,30,00030_seed_00001,2,0.8588986396789551,0.8588986992835999,5.960464477539063e-08,1.0000000693965994,0.8588986992835999
3,3,30,00030_seed_00001,3,1.2848366498947144,1.2848366498947144,0.0,1.0,1.2848366498947144
3,3,30,00030_seed_00001,4,1.7083795070648193,1.7083796262741089,1.1920928955078125e-07,1.0000000697791616,1.7083796262741089
3,3,30,00030_seed_00001,5,2.1294853687286377,2.1294853687286377,0.0,1.0,2.1294853687286377
3,3,30,00030_seed_00001,6,2.548111915588379,2.548111915588379,0.0,1.0,2.548111915588379
3,3,30,00030_seed_00001,7,2.9642186164855957,2.964218854904175,2.384185791015625e-07,1.0000000804321847,2.964218854904175
3,3,31,00031_seed_00001,0,0.0,0.0,0.0,0,0.0
3,3,31,00031_seed_00001,1,0.4254675805568695,0.4254675805568695,0.0,1.0,0.4254675805568695
3,3,31,00031_seed_00001,2,0.8481273055076599,0.8481273055076599,0.0,1.0,0.8481273055076599
3,3,31,00031_seed_00001,3,1.2679426670074463,1.2679427862167358,1.1920928955078125e-07,1.0000000940178864,1.2679427862167358
3,3,31,00031_seed_00001,4,1.6848747730255127,1.6848750114440918,2.384185791015625e-07,1.0000001415052222,1.6848750114440918
3,3,31,00031_seed_00001,5,2.0988893508911133,2.0988895893096924,2.384185791015625e-07,1.0000001135927337,2.0988895893096924
3,3,31,00031_seed_00001,6,2.509941577911377,2.509941816329956,2.384185791015625e-07,1.0000000949896928,2.509941816329956
3,3,31,00031_seed_00001,7,2.9179928302764893,2.9179930686950684,2.384185791015625e-07,1.0000000817063621,2.9179930686950684
3,3,32,00032_seed_00001,0,0.0,0.0,0.0,0,0.0
3,3,32,00032_seed_00001,1,0.41472044587135315,0.41472047567367554,2.9802322387695312e-08,1.0000000718612325,0.41472047567367554
3,3,32,00032_seed_00001,2,0.8294830322265625,0.8294830322265625,0.0,1.0,0.8294830322265625
3,3,32,00032_seed_00001,3,1.2443053722381592,1.2443053722381592,0.0,1.0,1.2443053722381592
3,3,32,00032_seed_00001,4,1.6592040061950684,1.659204125404358,1.1920928955078125e-07,1.0000000718472768,1.659204125404358
3,3,32,00032_seed_00001,5,2.074197769165039,2.074197769165039,0.0,1.0,2.074197769165039
3,3,32,00032_seed_00001,6,2.4893031120300293,2.4893031120300293,0.0,1.0,2.4893031120300293
3,3,32,00032_seed_00001,7,2.9045400619506836,2.904540538787842,4.76837158203125e-07,1.0000001641695924,2.904540538787842
3,3,33,00033_seed_00001,0,0.0,0.0,0.0,0,0.0
3,3,33,00033_seed_00001,1,0.39506563544273376,0.39506563544273376,0.0,1.0,0.39506563544273376
3,3,33,00033_seed_00001,2,0.7858971953392029,0.7858971953392029,0.0,1.0,0.7858971953392029
3,3,33,00033_seed_00001,3,1.1723954677581787,1.1723954677581787,0.0,1.0,1.1723954677581787
3,3,33,00033_seed_00001,4,1.554461121559143,1.554461121559143,0.0,1.0,1.554461121559143
3,3,33,00033_seed_00001,5,1.931986927986145,1.9319871664047241,2.384185791015625e-07,1.0000001234058966,1.9319871664047241
3,3,33,00033_seed_00001,6,2.3048720359802246,2.3048720359802246,0.0,1.0,2.3048720359802246
3,3,33,00033_seed_00001,7,2.6730074882507324,2.6730074882507324,0.0,1.0,2.6730074882507324
3,3,34,00034_seed_00001,0,0.0,0.0,0.0,0,0.0
3,3,34,00034_seed_00001,1,0.43559902906417847,0.43559902906417847,0.0,1.0,0.43559902906417847
3,3,34,00034_seed_00001,2,0.869665801525116,0.8696658611297607,5.960464477539063e-08,1.0000000685374137,0.8696658611297607
3,3,34,00034_seed_00001,3,1.3021676540374756,1.3021676540374756,0.0,1.0,1.3021676540374756
3,3,34,00034_seed_00001,4,1.733070969581604,1.733070969581604,0.0,1.0,1.733070969581604
3,3,34,00034_seed_00001,5,2.162343740463257,2.162343740463257,0.0,1.0,2.162343740463257
3,3,34,00034_seed_00001,6,2.5899500846862793,2.5899500846862793,0.0,1.0,2.5899500846862793
3,3,34,00034_seed_00001,7,3.015852689743042,3.015852689743042,0.0,1.0,3.015852689743042
3,3,35,00035_seed_00001,0,0.0,0.0,0.0,0,0.0
3,3,35,00035_seed_00001,1,0.4316626489162445,0.4316626489162445,0.0,1.0,0.4316626489162445
3,3,35,00035_seed_00001,2,0.8624660968780518,0.8624660968780518,0.0,1.0,0.8624660968780518
3,3,35,00035_seed_00001,3,1.2924083471298218,1.2924083471298218,0.0,1.0,1.2924083471298218
3,3,35,00035_seed_00001,4,1.7214895486831665,1.7214895486831665,0.0,1.0,1.7214895486831665
3,3,35,00035_seed_00001,5,2.149705171585083,2.149705410003662,2.384185791015625e-07,1.0000001109075711,2.149705410003662
3,3,35,00035_seed_00001,6,2.577056646347046,2.577056646347046,0.0,1.0,2.577056646347046
3,3,35,00035_seed_00001,7,3.003540277481079,3.003540277481079,0.0,1.0,3.003540277481079
3,3,36,00036_seed_00001,0,0.0,0.0,0.0,0,0.0
3,3,36,00036_seed_00001,1,0.3986132740974426,0.3986132740974426,0.0,1.0,0.3986132740974426
3,3,36,00036_seed_00001,2,0.7934472560882568,0.7934473156929016,5.960464477539063e-08,1.0000000751211178,0.7934473156929016
3,3,36,00036_seed_00001,3,1.1844813823699951,1.1844816207885742,2.384185791015625e-07,1.000000201285206,1.1844816207885742
3,3,36,00036_seed_00001,4,1.5716958045959473,1.5716959238052368,1.1920928955078125e-07,1.0000000758475585,1.5716959238052368
3,3,36,00036_seed_00001,5,1.9550739526748657,1.9550741910934448,2.384185791015625e-07,1.0000001219486243,1.9550741910934448
3,3,36,00036_seed_00001,6,2.3345916271209717,2.334591865539551,2.384185791015625e-07,1.0000001021243186,2.334591865539551
3,3,36,00036_seed_00001,7,2.710226058959961,2.71022629737854,2.384185791015625e-07,1.0000000879699973,2.71022629737854
3,3,37,00037_seed_00001,0,0.0,0.0,0.0,0,0.0
3,3,37,00037_seed_00001,1,0.3951854705810547,0.3951855003833771,2.9802322387695312e-08,1.0000000754135074,0.3951855003833771
3,3,37,00037_seed_00001,2,0.7896836400032043,0.7896836400032043,0.0,1.0,0.7896836400032043
3,3,37,00037_seed_00001,3,1.183482050895691,1.183482050895691,0.0,1.0,1.183482050895691
3,3,37,00037_seed_00001,4,1.5765690803527832,1.5765691995620728,1.1920928955078125e-07,1.0000000756131089,1.5765691995620728
3,3,37,00037_seed_00001,5,1.968934416770935,1.968934416770935,0.0,1.0,1.968934416770935
3,3,37,00037_seed_00001,6,2.3605642318725586,2.3605642318725586,0.0,1.0,2.3605642318725586
3,3,37,00037_seed_00001,7,2.751441717147827,2.751441717147827,0.0,1.0,2.751441717147827
3,3,38,00038_seed_00001,0,0.0,0.0,0.0,0,0.0
3,3,38,00038_seed_00001,1,0.41107064485549927,0.41107064485549927,0.0,1.0,0.41107064485549927
3,3,38,00038_seed_00001,2,0.8217291235923767,0.8217291235923767,0.0,1.0,0.8217291235923767
3,3,38,00038_seed_00001,3,1.23200523853302,1.23200523853302,0.0,1.0,1.23200523853302
3,3,38,00038_seed_00001,4,1.6419273614883423,1.6419273614883423,0.0,1.0,1.6419273614883423
3,3,38,00038_seed_00001,5,2.051523447036743,2.051523447036743,0.0,1.0,2.051523447036743
3,3,38,00038_seed_00001,6,2.4608235359191895,2.4608235359191895,0.0,1.0,2.4608235359191895
3,3,38,00038_seed_00001,7,2.869861364364624,2.869861602783203,2.384185791015625e-07,1.0000000830766886,2.869861602783203
3,3,39,00039_seed_00001,0,0.0,0.0,0.0,0,0.0
3,3,39,00039_seed_00001,1,0.42632579803466797,0.42632579803466797,0.0,1.0,0.42632579803466797
3,3,39,00039_seed_00001,2,0.8501991629600525,0.8501991629600525,0.0,1.0,0.8501991629600525
3,3,39,00039_seed_00001,3,1.2716305255889893,1.2716305255889893,0.0,1.0,1.2716305255889893
3,3,39,00039_seed_00001,4,1.6906259059906006,1.6906259059906006,0.0,1.0,1.6906259059906006
3,3,39,00039_seed_00001,5,2.1071996688842773,2.1071999073028564,2.384185791015625e-07,1.0000001131447498,2.1071999073028564
3,3,39,00039_seed_00001,6,2.5213558673858643,2.5213561058044434,2.384185791015625e-07,1.00000009455967,2.5213561058044434
3,3,39,00039_seed_00001,7,2.9331095218658447,2.9331095218658447,0.0,1.0,2.9331095218658447
4,4,40,00040_seed_00001,0,0.0,0.0,0.0,0,0.0
4,4,40,00040_seed_00001,1,0.4064614474773407,0.4064614474773407,0.0,1.0,0.4064614474773407
4,4,40,00040_seed_00001,2,0.8129503130912781,0.8129503130912781,0.0,1.0,0.8129503130912781
4,4,40,00040_seed_00001,3,1.2194864749908447,1.2194864749908447,0.0,1.0,1.2194864749908447
4,4,40,00040_seed_00001,4,1.6260946989059448,1.6260946989059448,0.0,1.0,1.6260946989059448
4,4,40,00040_seed_00001,5,2.032794713973999,2.032794713973999,0.0,1.0,2.032794713973999
4,4,40,00040_seed_00001,6,2.4396133422851562,2.4396133422851562,0.0,1.0,2.4396133422851562
4,4,40,00040_seed_00001,7,2.846567153930664,2.846567392349243,2.384185791015625e-07,1.000000083756527,2.846567392349243
4,4,41,00041_seed_00001,0,0.0,0.0,0.0,0,0.0
4,4,41,00041_seed_00001,1,0.4102575480937958,0.4102575480937958,0.0,1.0,0.4102575480937958
4,4,41,00041_seed_00001,2,0.8184292316436768,0.8184292316436768,0.0,1.0,0.8184292316436768
4,4,41,00041_seed_00001,3,1.2245092391967773,1.2245092391967773,0.0,1.0,1.2245092391967773
4,4,41,00041_seed_00001,4,1.628492832183838,1.628492832183838,0.0,1.0,1.628492832183838
4,4,41,00041_seed_00001,5,2.0303709506988525,2.0303709506988525,0.0,1.0,2.0303709506988525
4,4,41,00041_seed_00001,6,2.4301400184631348,2.4301400184631348,0.0,1.0,2.4301400184631348
4,4,41,00041_seed_00001,7,2.8277909755706787,2.8277909755706787,0.0,1.0,2.8277909755706787
4,4,42,00042_seed_00001,0,0.0,0.0,0.0,0,0.0
4,4,42,00042_seed_00001,1,0.4248967170715332,0.4248967170715332,0.0,1.0,0.4248967170715332
4,4,42,00042_seed_00001,2,0.8472225666046143,0.8472227454185486,1.7881393432617188e-07,1.0000002110589843,0.8472227454185486
4,4,42,00042_seed_00001,3,1.2669843435287476,1.2669843435287476,0.0,1.0,1.2669843435287476
4,4,42,00042_seed_00001,4,1.6841875314712524,1.6841875314712524,0.0,1.0,1.6841875314712524
4,4,42,00042_seed_00001,5,2.09883975982666,2.09883975982666,0.0,1.0,2.09883975982666
4,4,42,00042_seed_00001,6,2.510946750640869,2.510946750640869,0.0,1.0,2.510946750640869
4,4,42,00042_seed_00001,7,2.9205162525177,2.9205162525177,0.0,1.0,2.9205162525177
4,4,43,00043_seed_00001,0,0.0,0.0,0.0,0,0.0
4,4,43,00043_seed_00001,1,0.414326012134552,0.4143260419368744,2.9802322387695312e-08,1.0000000719296436,0.4143260419368744
4,4,43,00043_seed_00001,2,0.8283743262290955,0.8283743858337402,5.960464477539063e-08,1.0000000719537567,0.8283743858337402
4,4,43,00043_seed_00001,3,1.2421667575836182,1.2421668767929077,1.1920928955078125e-07,1.0000000959688293,1.2421668767929077
4,4,43,00043_seed_00001,4,1.6557276248931885,1.655727744102478,1.1920928955078125e-07,1.0000000719981281,1.655727744102478
4,4,43,00043_seed_00001,5,2.069082736968994,2.0690829753875732,2.384185791015625e-07,1.000000115229118,2.0690829753875732
4,4,43,00043_seed_00001,6,2.482255697250366,2.4822559356689453,2.384185791015625e-07,1.0000000960491617,2.4822559356689453
4,4,43,00043_seed_00001,7,2.895266056060791,2.89526629447937,2.384185791015625e-07,1.000000082347727,2.89526629447937
4,4,44,00044_seed_00001,0,0.0,0.0,0.0,0,0.0
4,4,44,00044_seed_00001,1,0.4354238510131836,0.4354238510131836,0.0,1.0,0.4354238510131836
4,4,44,00044_seed_00001,2,0.8690268397331238,0.8690268397331238,0.0,1.0,0.8690268397331238
4,4,44,00044_seed_00001,3,1.3007938861846924,1.3007938861846924,0.0,1.0,1.3007938861846924
4,4,44,00044_seed_00001,4,1.7307072877883911,1.7307072877883911,0.0,1.0,1.7307072877883911
4,4,44,00044_seed_00001,5,2.15875244140625,2.15875244140625,0.0,1.0,2.15875244140625
4,4,44,00044_seed_00001,6,2.584909677505493,2.584909677505493,0.0,1.0,2.584909677505493
4,4,44,00044_seed_00001,7,3.009165048599243,3.009165048599243,0.0,1.0,3.009165048599243
4,4,45,00045_seed_00001,0,0.0,0.0,0.0,0,0.0
4,4,45,00045_seed_00001,1,0.3908975124359131,0.3908974826335907,-2.9802322387695312e-08,0.9999999237592426,0.3908974826335907
4,4,45,00045_seed_00001,2,0.7825307846069336,0.7825307846069336,0.0,1.0,0.7825307846069336
4,4,45,00045_seed_00001,3,1.1749110221862793,1.1749110221862793,0.0,1.0,1.1749110221862793
4,4,45,00045_seed_00001,4,1.5680487155914307,1.5680487155914307,0.0,1.0,1.5680487155914307
4,4,45,00045_seed_00001,5,1.9619554281234741,1.9619554281234741,0.0,1.0,1.9619554281234741
4,4,45,00045_seed_00001,6,2.3566412925720215,2.3566412925720215,0.0,1.0,2.3566412925720215
4,4,45,00045_seed_00001,7,2.752120018005371,2.752120018005371,0.0,1.0,2.752120018005371
4,4,46,00046_seed_00001,0,0.0,0.0,0.0,0,0.0
4,4,46,00046_seed_00001,1,0.43491384387016296,0.43491384387016296,0.0,1.0,0.43491384387016296
4,4,46,00046_seed_00001,2,0.8690885901451111,0.8690885901451111,0.0,1.0,0.8690885901451111
4,4,46,00046_seed_00001,3,1.3025248050689697,1.3025248050689697,0.0,1.0,1.3025248050689697
4,4,46,00046_seed_00001,4,1.7352198362350464,1.7352198362350464,0.0,1.0,1.7352198362350464
4,4,46,00046_seed_00001,5,2.1671764850616455,2.1671764850616455,0.0,1.0,2.1671764850616455
4,4,46,00046_seed_00001,6,2.5983901023864746,2.5983901023864746,0.0,1.0,2.5983901023864746
4,4,46,00046_seed_00001,7,3.0288634300231934,3.0288634300231934,0.0,1.0,3.0288634300231934
4,4,47,00047_seed_00001,0,0.0,0.0,0.0,0,0.0
4,4,47,00047_seed_00001,1,0.3986140191555023,0.3986140787601471,5.960464477539063e-08,1.0000001495297253,0.3986140787601471
4,4,47,00047_seed_00001,2,0.7937591671943665,0.7937591671943665,0.0,1.0,0.7937591671943665
4,4,47,00047_seed_00001,3,1.1854034662246704,1.1854034662246704,0.0,1.0,1.1854034662246704
4,4,47,00047_seed_00001,4,1.573514699935913,1.573514699935913,0.0,1.0,1.573514699935913
4,4,47,00047_seed_00001,5,1.9580574035644531,1.9580572843551636,-1.1920928955078125e-07,0.9999999391185931,1.9580572843551636
4,4,47,00047_seed_00001,6,2.338998794555664,2.338998794555664,0.0,1.0,2.338998794555664
4,4,47,00047_seed_00001,7,2.716301679611206,2.716301679611206,0.0,1.0,2.716301679611206
4,4,48,00048_seed_00001,0,0.0,0.0,0.0,0,0.0
4,4,48,00048_seed_00001,1,0.39342835545539856,0.39342835545539856,0.0,1.0,0.39342835545539856
4,4,48,00048_seed_00001,2,0.7851648926734924,0.7851648926734924,0.0,1.0,0.7851648926734924
4,4,48,00048_seed_00001,3,1.1752128601074219,1.1752128601074219,0.0,1.0,1.1752128601074219
4,4,48,00048_seed_00001,4,1.5635747909545898,1.5635747909545898,0.0,1.0,1.5635747909545898
4,4,48,00048_seed_00001,5,1.9502569437026978,1.9502571821212769,2.384185791015625e-07,1.0000001222498296,1.9502571821212769
4,4,48,00048_seed_00001,6,2.3352606296539307,2.3352606296539307,0.0,1.0,2.3352606296539307
4,4,48,00048_seed_00001,7,2.718587875366211,2.718587875366211,0.0,1.0,2.718587875366211
4,4,49,00049_seed_00001,0,0.0,0.0,0.0,0,0.0
4,4,49,00049_seed_00001,1,0.401557594537735,0.401557594537735,0.0,1.0,0.401557594537735
4,4,49,00049_seed_00001,2,0.7988654971122742,0.7988654971122742,0.0,1.0,0.7988654971122742
4,4,49,00049_seed_00001,3,1.1918652057647705,1.1918652057647705,0.0,1.0,1.1918652057647705
4,4,49,00049_seed_00001,4,1.5804942846298218,1.5804942846298218,0.0,1.0,1.5804942846298218
4,4,49,00049_seed_00001,5,1.96468985080719,1.964690089225769,2.384185791015625e-07,1.000000121351764,1.964690089225769
4,4,49,00049_seed_00001,6,2.3443868160247803,2.3443868160247803,0.0,1.0,2.3443868160247803
4,4,49,00049_seed_00001,7,2.7195234298706055,2.7195236682891846,2.384185791015625e-07,1.0000000876692499,2.7195236682891846
